14.4942021525, 15.6909445032, 11.6011524926, 17.0006950136
9.19008090804, 16.0700879936, 14.5857607777, 12.8037566923
11.1232230128, 14.4272710382, 13.1237071087, 13.0182451445
10.175614474, 14.1987660522, 13.9547808896, 15.6083425439
13.0434152815, 13.0654683889, 12.9124950751, 11.5778847873
13.1300014914, 16.2950256221, 15.2424414209, 16.3053121476
12.8923833428, 16.6940447316, 15.2315279787, 14.9072515121
11.5501035738, 12.990994134, 11.0036361622, 11.9926444904
15.0232915193, 15.1452204812, 14.3019944257, 14.8522209612
12.0410156584, 16.4356023352, 15.3996141813, 16.499513421
10.3613337836, 16.7522165837, 13.400445126, 13.705947631
11.2082374044, 16.542716379, 13.203767807, 14.6580720044
12.3190976972, 15.9158820937, 12.2664876281, 15.5459774042
12.5226548582, 14.0651604684, 13.0817373677, 15.4063861576
9.46195484371, 12.6373742358, 11.3277229324, 13.2603219939
8.6668548411, 12.6546487755, 8.81344320489, 11.6656254722
9.9866270524, 10.6247152642, 8.18697311898, 11.3688437903
8.60894973205, 12.754170226, 7.97253973615, 10.1694403616
11.4463599001, 12.9446696658, 12.2854446298, 13.0549004142
13.3147043689, 16.5829882999, 12.1847402433, 12.2997941493
16.2214374288, 16.9684792705, 14.8559747311, 16.4152633987
16.0548628236, 15.2479162642, 13.9743778297, 17.3866089886
15.3197467903, 17.5705295986, 16.3771254292, 16.768758038
15.8148387866, 17.4587997338, 17.687658492, 17.1991311943
16.1360457416, 18.479367403, 16.9731277225, 16.4103239981
17.0301961752, 18.9728629566, 18.5534100256, 16.8590215882
16.1922612912, 18.3388312333, 17.9549502722, 18.8070340923
16.4888665472, 18.7610609559, 19.2210026098, 22.373275051
16.945841973, 19.882908324, 16.4992187289, 18.3807550599
18.8328839496, 22.7234634495, 20.4489695732, 19.1836805871
20.1389094172, 20.3982932028, 20.7419615165, 21.0219912672
20.6981736692, 20.3147135158, 20.6985404689, 19.0065941367
17.5004341492, 21.9584041017, 24.1755658644, 22.6545702911
18.4763183706, 21.528271821, 20.3044415948, 23.4319325112
17.5713036448, 21.7467708826, 18.4811272617, 23.8904389085
20.0693345796, 18.7005366304, 18.8583328526, 21.5233486483
18.4023883373, 20.9358022307, 19.3190237054, 20.2061787827
18.1125551763, 20.2989419964, 22.4427659646, 24.1773994586
16.7031345022, 21.515862297, 21.2086179608, 22.5841097958
16.4486749238, 18.5560387874, 19.8008711802, 19.9500350561
17.6053194824, 18.5070193883, 19.409864632, 20.9499186474
18.5737852145, 19.8532336243, 20.6623079653, 21.3635031124
17.2662919296, 19.8336610996, 16.106331629, 21.8283394105
15.6691687032, 19.41939561, 18.0204924677, 20.2169544441
14.8823217892, 17.4252158249, 18.2738473351, 20.4305191232
16.8406291561, 19.3621578337, 19.6751441795, 21.3850099993
17.6831829986, 21.3366364232, 17.1952017964, 19.1607010447
17.6052461215, 19.2444476139, 17.8052912502, 20.9125272536
16.7751904711, 18.9833609694, 16.4987825938, 20.2614360705
15.6389217763, 18.1107156403, 18.1765706477, 18.8601669858
13.1120785598, 16.5405052886, 16.760900158, 16.8252922323
15.0036080194, 20.077972602, 16.5596324715, 19.0247072845
14.1462166665, 18.1214764757, 15.2290281941, 17.6073083382
14.0843222686, 18.3075869589, 18.6910980168, 18.1850205905
15.9812462322, 19.7808323737, 17.6999698103, 19.2388278316
15.9658183885, 17.2721273338, 18.9554595221, 19.3014189568
14.5342448344, 16.2438762113, 19.2618459881, 22.6290413233
14.722745151, 18.1575531602, 17.9463782297, 21.4861286447
13.793342332, 17.1551981259, 17.2477544107, 19.0813262148
12.7206404954, 17.5032835511, 16.4493590596, 16.4528751889
17.5212059663, 20.3761687509, 19.0631337696, 18.2553053679
15.6279013966, 18.962833527, 17.8397115712, 19.0102341437
12.97203745, 18.282293167, 18.0380921366, 17.8129934291
13.2587282322, 16.3735823732, 13.9497717568, 16.2407589635
15.596765602, 16.6872673924, 14.8025188631, 15.2072142828
12.4950052195, 15.7822443965, 18.6002387413, 17.4518458965
13.3854041918, 13.9340990948, 15.2385675085, 15.2794801471
12.6323924854, 16.252575993, 13.850327903, 14.1170213475
9.20403928239, 13.7452683548, 12.0849953136, 13.546448287
13.2996868106, 13.3030499853, 12.7380532433, 17.2994358472
12.036219898, 13.0327126975, 12.3678979267, 17.2830015065
11.2905581092, 14.1781298056, 13.0102437435, 13.0772543736
12.0655050292, 12.5340337662, 13.8096859859, 16.3605301535
13.4417121328, 16.2026421428, 14.1775356022, 17.3996205223
11.9139321784, 17.5724510117, 13.4027540187, 15.5102780832
12.757721324, 13.6670602191, 14.0785781127, 14.6707461472
12.1243011019, 15.3831278596, 14.3680707476, 14.4994279276
10.3330177283, 14.510267559, 14.8321023956, 15.3048477235
11.5415060382, 16.3610632662, 14.5975939517, 15.1831916244
11.2429447628, 12.881221747, 11.5969817221, 14.7528456977
12.3206851033, 17.2967596085, 12.5191247872, 14.142468078
14.3405288413, 14.3483253177, 14.7808467856, 13.7028746922
13.0352639335, 13.5447002924, 15.7931246945, 14.5458746671
11.3118202893, 13.3438683646, 12.5409392739, 15.0968096083
10.9987881532, 14.4546321269, 14.3638688042, 12.0480074842
12.9398213366, 13.8981967871, 14.7197498575, 13.7812567388
11.6381738485, 15.4351981054, 13.7975888507, 16.4712173227
9.88286574856, 13.7146889776, 16.2508081733, 13.6229599026
9.67515024689, 12.9834998708, 16.0511485592, 13.8530493999
14.3971785161, 16.0648149713, 12.2046505751, 14.6514083713
13.2194702563, 15.2998576261, 13.8506695411, 13.8384104824
13.4909429222, 14.7684525783, 15.9390839727, 16.0700385563
13.6367402678, 18.0531292562, 14.5002395239, 17.0104841605
15.5846262434, 14.6614248844, 14.315022363, 19.7762899166
11.515728963, 11.6975267096, 11.5995933737, 13.9805991645
12.9982519672, 15.2214102573, 14.0884081143, 14.3066110366
13.4967618108, 15.2599523394, 16.8437537892, 16.5616777257
13.3668256747, 18.2659891081, 15.4390558395, 16.5637359308
14.8489823253, 15.6091527057, 14.4992808652, 15.4769694847
12.3162335333, 14.5900058787, 15.1721201759, 13.9620305027
9.42802947073, 14.4524269248, 12.7459116456, 12.6760658657
13.2797957269, 16.2507678592, 13.5328454416, 14.0979368371
14.4128727844, 15.4037763625, 13.122092719, 16.0102817721
13.3862972984, 12.4835955512, 13.0427055532, 12.4182969677
11.9047959109, 14.3482451549, 10.9010652265, 14.5453683181
13.2328526709, 15.0380034686, 12.0345884093, 12.7341333818
10.4181992532, 12.7718701603, 13.0470867084, 13.5419725043
11.1807702166, 13.8113827394, 11.9916687631, 12.8149065323
14.9034002017, 16.0763650818, 14.3756729641, 18.1972100048
12.9579094856, 17.1734455504, 16.7972742756, 16.5513792245
17.8399421127, 21.8383160992, 18.0553121723, 21.7872847461
19.0002672176, 18.3471254826, 17.9191576445, 21.1978460284
16.7527427248, 21.3616955033, 16.7590591326, 20.0899889852
16.0939849753, 18.365841126, 18.7000856508, 20.5582165762
13.4711492798, 14.7657646002, 14.7955594005, 16.2420848852
13.558733023, 17.0984851017, 14.6582630739, 16.9791232874
13.9455117574, 14.521278382, 13.5181905987, 13.9692119713
11.8603767412, 15.7168068958, 12.6085326254, 13.5566393019
13.0139421732, 11.6575609587, 13.6049084647, 13.6666474138
11.0544592875, 13.6131659707, 12.9348027286, 12.0489056747
10.7493156119, 14.3614171601, 12.4362529733, 13.7896813174
14.49267138, 14.1147263132, 13.8427532919, 16.491847479
14.1666090158, 15.5593919897, 13.6431979038, 15.3642651231
12.3076960424, 15.1303575108, 12.08868605, 12.9795165332
14.5159554715, 18.2384558656, 14.1839845051, 15.1336856673
16.4866656596, 15.9448939563, 14.6596075617, 15.0447357977
13.2205275892, 16.6947634962, 14.1046984144, 14.3383161626
16.7905928438, 15.3573103972, 14.8776797672, 15.3870309614
14.6783740614, 15.8338897694, 16.0435772561, 14.4082378302
12.2659783011, 14.9386128198, 14.151719739, 15.0475050552
13.440337823, 15.4365533509, 14.2917466522, 15.3972283155
14.1330198398, 16.6286336828, 15.9079211794, 15.8188061457
12.6724378296, 15.9054684613, 14.4936040385, 17.131913783
16.1587396744, 15.1896443356, 16.766195775, 16.9555412115
12.8513748774, 15.2187814981, 16.9258657753, 15.983958615
13.0429747848, 18.083909673, 17.699537107, 15.6296742252
13.2844739662, 17.3328445673, 17.3565078005, 13.6217737596
14.2619516218, 17.3968918109, 15.6126602142, 16.2489465435
11.5074597004, 16.8793582451, 14.8090916314, 14.6330802255
13.6289778329, 14.2084538147, 16.6453391185, 16.5229689192
11.1897706602, 13.9109844895, 15.0402094933, 17.5885480616
10.4567521595, 17.3164803, 15.6986146373, 18.6095588111
16.7708573505, 20.0652029192, 20.4826711709, 20.7383334494
19.0223476814, 21.0968617208, 21.0059850696, 21.2962352567
17.4241171721, 22.9023256032, 19.2972288737, 22.3025782598
19.6960781462, 18.658953137, 21.0661706912, 22.2330844967
19.8811111211, 21.7051407982, 22.3918017375, 20.5351018073
15.8921512475, 19.1437168553, 18.4865782472, 20.2457310407
13.6134255976, 15.4168974961, 14.7318956447, 13.7491250544
20.2051502223, 22.7305852614, 25.214771733, 21.9933987738
20.6080042796, 22.4612184086, 22.1567130229, 22.8861004211
15.5838493271, 18.0733878656, 19.3272189624, 19.454871542
9.51464085168, 10.9548754648, 11.4094550532, 11.6926470204
15.5551700878, 18.9711869165, 16.6271944955, 17.9579653547
13.6406350478, 21.0149937038, 17.2568864795, 18.5733448055
16.4842335549, 16.2661069371, 19.2045102932, 17.9022655379
14.1033282912, 19.6827583722, 17.3041485536, 16.9551172613
13.2460222587, 16.262509374, 15.9686964229, 17.3519090048
15.1259411401, 17.9868213418, 17.4099814513, 16.7117066875
16.7064802308, 14.5741594914, 14.8830103539, 16.7529999962
12.5147925339, 17.3600387728, 14.3945964795, 16.5026527857
13.4930995481, 16.8483035195, 14.2298476135, 14.160055355
13.6264813849, 19.5530863451, 16.1098857876, 17.0166790149
15.0635901633, 17.5207316304, 15.7044942951, 17.904894835
14.093758038, 17.6338997616, 16.3467485257, 16.1489600671
13.8886305084, 18.1821678613, 14.3686160172, 18.0100646713
14.4117670913, 18.0593139846, 16.4738521638, 17.679275775
14.2382241418, 13.7107889196, 14.0936375752, 13.8559317124
14.2912660004, 17.6372309171, 16.9676303313, 16.4039741236
13.1965971936, 15.8355930328, 13.0343370946, 17.739194788
14.5517512752, 16.9259688042, 16.8878526383, 15.7638346952
15.6287604722, 15.2827875337, 16.371323093, 17.2191281058
15.2823943002, 17.6923769337, 17.6352943481, 16.3573289057
14.1138328979, 15.1985151596, 16.4042899151, 16.1689383738
17.3249466289, 18.8218088609, 16.390580621, 18.4963381534
17.6984604694, 17.6628868037, 15.6601062524, 19.0330332301
15.0825484793, 15.9466530542, 15.6673448193, 15.4876415088
13.5380915781, 14.2020884892, 14.7400950476, 14.166168826
15.8682541755, 15.967221303, 16.8011996474, 19.3195280177
17.7181730239, 17.1326763748, 17.0079099359, 18.7155040782
14.098433198, 15.7295186877, 13.1148944631, 17.1787005873
13.8916291169, 17.5779978701, 13.9743935715, 17.050992241
12.9483098031, 14.4438496381, 14.8731472485, 16.2493084633
17.4256072343, 18.3635032239, 19.7942508824, 20.3341510877
14.2268093767, 18.870713884, 17.3888943356, 20.7498983659
17.0109311734, 20.1434948911, 19.3278859532, 18.1296227734
13.3585409839, 14.7252350125, 15.0256266797, 17.7894083419
13.207835262, 14.7394033547, 13.9441676223, 16.0438311125
16.0999826936, 16.807684073, 12.7657980649, 16.8009711509
18.6912027183, 21.3473970744, 18.616618995, 21.3327028044
17.3092837327, 19.0051618971, 17.6346373773, 21.6445789237
12.5506571463, 12.3356468484, 12.377106197, 15.6292621818
13.888165447, 19.0168815911, 12.9948364666, 16.3082636961
18.1379784728, 19.0264959801, 16.480889409, 22.2468049385
15.1597760689, 22.2714116019, 18.0750007312, 21.1907940096
15.2960228024, 19.5664325581, 18.6907129011, 20.7606305458
17.5327160468, 17.4599621225, 17.492810614, 21.5516051544
14.6086062881, 17.9598514672, 18.1019367291, 18.3769926348
12.399037549, 16.3045094196, 14.2084929086, 17.8241666634
15.3952963919, 16.8571728498, 15.3585678811, 16.0570203424
16.181328899, 16.4223081765, 14.794959661, 16.8248970844
14.7491180137, 19.4305103814, 16.8206093104, 16.4744612159
16.4273476644, 16.8871467986, 17.2958281472, 16.6196428994
15.0712646086, 16.3590551696, 14.1449727649, 16.5388792853
17.6048818239, 19.1702429462, 18.1811125235, 20.9821360782
16.9945991934, 19.973270976, 20.779729145, 18.6118146122
15.5077905453, 17.4382810322, 19.6545477989, 18.4430074981
17.5723312549, 18.1164115083, 18.4475929161, 20.0582032983
16.0766083938, 17.4562173233, 19.5335573862, 17.7535460899
17.2079616015, 19.0430826495, 18.7258375348, 18.8497279493
14.9286865461, 17.8700155289, 16.8909129866, 18.4820218278
14.2158260455, 17.4042379472, 15.9311975692, 18.9446061149
17.4622743856, 17.765941455, 16.8242715414, 22.4997598985
14.3880373005, 14.6697312279, 14.9426179983, 15.302156703
18.2774492725, 20.0875280599, 17.0025199441, 16.3191235472
15.295717306, 16.4662933501, 15.5429394805, 19.4444275224
13.2629932656, 15.4496330562, 15.769761683, 17.0635884237
16.0243412338, 19.6001214312, 16.1584347162, 19.8151478319
12.5735334513, 17.8709465279, 16.8386302965, 17.8218139466
15.0330202639, 17.1816855774, 16.346171589, 16.9637838574
15.5246851303, 17.9107403241, 16.3585545346, 17.2801622852
17.2613106526, 18.8560074821, 15.5893432788, 17.4536889114
14.8185868304, 18.3558418873, 16.2970432255, 18.6077400374
15.2557161102, 18.913396569, 15.5560672635, 16.5723525223
12.9421773862, 16.3058095205, 16.5674275474, 18.5073692295
13.0497275909, 15.7638633875, 13.0060406724, 17.8398645742
10.7216537173, 15.673617943, 15.743068211, 14.8458583723
16.7756863426, 17.1812250497, 19.0853823817, 17.6092385523
13.7723035293, 20.9715836327, 15.8670922285, 17.6148997519
15.6458286726, 17.2638423676, 16.9241261978, 16.6005892711
16.5395211541, 18.3057726842, 16.4729858405, 18.4534946857
16.4068879087, 19.4603975657, 18.7867204758, 18.9624723877
17.4831324325, 19.6047215798, 17.1864801887, 17.8233919024
16.8792573928, 18.6650311377, 16.4069175294, 20.2394113478
14.8309661694, 18.3472607375, 18.3778589573, 19.5148347534
14.0847873494, 18.3908340126, 16.0477170912, 15.7867107577
15.3834200301, 20.6183731277, 16.4080529382, 18.6587076993
13.2458276601, 18.08928439, 18.5943560435, 17.1803088327
16.1907585171, 19.0064412349, 19.318324359, 20.6896285733
15.0077152702, 18.8515457546, 19.2142046135, 18.2039205754
18.0840358991, 17.5156327226, 20.6241162104, 18.2962421932
16.8150702665, 19.804010825, 16.366741016, 15.686878225
16.7007825272, 17.920885875, 16.1130517321, 19.0995868431
15.7276443627, 18.1844220903, 14.4478315745, 17.9144210683
15.3354836312, 17.3164554632, 15.9629223546, 18.0580272909
17.9785741348, 18.3124466274, 15.7295622457, 21.1128734146
17.4741643269, 19.4429405836, 16.265957347, 18.4466128996
14.8460978623, 15.8072552196, 13.66800406, 15.7489848246
15.3571295714, 18.7010699579, 15.4116484464, 18.2696351164
16.0473102915, 19.7775082001, 18.5103763271, 17.2811470629
14.644217418, 17.1225128182, 16.9314285811, 17.6374205891
17.1626410164, 16.4423823779, 15.4348627713, 16.977098332
15.6023969412, 17.9051678444, 16.9277486903, 18.9897958472
15.6730340515, 18.0255355918, 18.0354092651, 16.150616228
14.6996372833, 16.9479281386, 15.7066941806, 17.722520456
14.237846399, 18.7781636937, 16.2288895756, 17.6363583767
14.3275292591, 17.5937067116, 18.1284368058, 16.8591452851
15.9324514228, 15.5058142373, 18.0011557494, 18.9101405677
14.2342716035, 18.4974108555, 14.9394508167, 17.7117103204
15.1136311591, 18.7844980466, 16.913917166, 17.8501174921
14.8274233986, 17.7023753681, 14.9381321037, 16.2060565162
12.5996258031, 18.1627879552, 16.1410888807, 16.1551813494
16.9814654655, 17.2651659576, 18.4750384909, 20.4038977074
15.5235926579, 17.6261167903, 17.4960997768, 18.9087666085
17.0424524385, 18.5532109401, 16.785859115, 16.2334935512
16.7610995791, 17.322614587, 17.7581959508, 18.1522632674
19.2133683805, 19.4574602174, 16.8115659432, 17.7206590797
17.2323076087, 16.8685317174, 16.6245868208, 17.4459321171
13.8135013243, 17.2330075053, 17.3919784947, 20.7598320549
16.4960212519, 20.1241473432, 17.1870821498, 19.5355229704
15.0013515917, 16.961689812, 15.2455711961, 16.5900262307
15.1355304092, 13.3056017146, 11.5163136324, 15.7927246226
16.9036192133, 18.4298099257, 17.8411514501, 17.5736340533
15.0529155686, 18.7219533636, 17.5126793916, 18.5063569021
15.723604831, 18.085615321, 15.7319031972, 16.4559143886
15.5247921963, 17.2929263806, 16.9855157281, 17.8311234933
15.1520908904, 16.430025992, 15.092310006, 18.7655497662
12.4411705849, 18.4829795594, 16.3235802091, 17.8032996622
14.4562166688, 19.0850615325, 15.7775450906, 18.4352310181
13.8384224982, 15.8124178952, 15.5756125089, 16.5313817649
12.2446632086, 16.6417455257, 14.3269116779, 17.0373465035
17.0080176858, 16.6343657255, 16.7442073541, 17.9752620974
14.5647430024, 19.0967568566, 16.0038648698, 15.521080223
13.4723897518, 17.5621374388, 14.5465227405, 16.3913956692
14.3775166806, 14.946111455, 17.01679819, 18.7430643443
16.5313301971, 16.560052835, 16.7875342063, 19.0079348541
12.1119993948, 15.9050635011, 13.8070422289, 16.1743019732
15.7522675548, 15.2048905724, 15.2927090897, 15.5097339856
16.2370981546, 17.5008304956, 15.8236792862, 16.9542931794
15.5972769398, 20.2896632605, 16.5457040234, 18.9589063569
14.8062844023, 18.1644867094, 15.4622557419, 17.4974533541
15.8019808181, 20.0686842034, 15.1134409117, 16.1895315715
16.1598411755, 19.0374770394, 15.7045169414, 16.3835383118
17.0547262073, 16.0585711738, 15.2888129314, 16.6537177421
15.3556941222, 16.5456054961, 15.7371725911, 15.1999056213
13.3972590969, 18.7541562335, 18.095562449, 18.9578160328
16.4316705372, 16.9585347301, 14.5920007397, 15.9530971893
15.0530910126, 17.5244615352, 16.3498598977, 18.0504238552
15.4128386035, 16.9824801463, 16.6898671088, 16.5546664602
16.9150586478, 20.883817053, 17.6722944299, 17.0968003801
16.1997315245, 16.5273105676, 13.9286290754, 17.5725068594
14.408508803, 16.917156637, 14.8633863354, 17.9809655907
13.9022295485, 16.6440112249, 14.4887967159, 15.9909851975
13.9479796883, 14.4865626622, 15.0187198313, 16.0089899303
12.4194639421, 17.4006248502, 12.680984748, 17.6023391309
14.1574508967, 15.1250995437, 12.937359608, 16.7535745313
12.3514721921, 17.3386333347, 14.2335792296, 16.4355371677
13.8500499799, 15.0033613126, 16.7141347908, 13.4000190416
11.2242824515, 15.544832048, 12.9679084773, 13.4890484418
13.5649473891, 13.429932196, 12.3233314123, 12.3978736971
14.8376887775, 14.0563357839, 15.5693793635, 13.5762571853
13.9853690174, 15.5917943025, 14.9247462967, 13.500666775
12.9685214393, 14.8112911093, 13.5628928619, 17.6954561595
14.5651255957, 16.2291785009, 13.5573246769, 14.8048126604
10.7197834317, 13.4232605185, 12.7313900847, 13.2841597811
13.4810699933, 16.8703225432, 15.5174094571, 16.5883886105
13.0816860934, 14.4626217718, 15.3697647591, 16.1175658732
14.3536128848, 15.9184046927, 13.5448179187, 15.147539699
11.8559494109, 14.7087224225, 15.2227659047, 14.4580695265
11.6945393574, 15.7392946603, 14.8561496669, 16.2764018653
15.5080000141, 15.1634706869, 16.0281677512, 16.0035865856
12.3495591003, 16.9660700829, 16.6991039685, 18.2475015197
13.0437074465, 14.8749287656, 16.5894981743, 15.1495001443
10.961288789, 17.0644738889, 16.5096757917, 15.5430374199
12.1240588803, 15.6462332545, 12.6437490624, 16.2778768188
13.2098676104, 12.8349175512, 12.9448849916, 16.13533278
13.2317425002, 13.8652047431, 13.8003654933, 16.4096455937
12.2417472824, 16.0579667554, 15.0906764603, 14.7686452371
12.5390360061, 15.054977561, 10.8719842353, 15.8577246571
13.3888242609, 15.5183746485, 15.5912821739, 15.3263372736
14.137327386, 16.6433199539, 13.8433008731, 14.6509641593
13.0695130847, 16.4841028614, 14.6256505697, 16.4043252432
15.1171564304, 14.9537367901, 13.6809350596, 14.9990785811
14.1537341651, 16.4859845436, 14.0161033436, 17.2501371026
15.6102927685, 15.6959258263, 16.3494116319, 15.5610437534
14.7317662969, 16.5284435032, 18.2247555676, 16.5975618823
13.2782753407, 15.0799112082, 14.4261213957, 16.085001125
13.860408086, 16.5643724421, 15.0676998948, 15.2623475774
14.3205062638, 15.0604436934, 14.4702096852, 16.796258367
16.4448602024, 15.9255726119, 14.4699247224, 14.9539743048
14.7368280127, 16.4365077691, 16.0559153102, 16.3176717901
15.5491670365, 15.0797712054, 15.3020480098, 14.652502344
16.0112204209, 16.6436972919, 14.1920578925, 17.1371618709
13.6450484014, 15.5000716624, 14.5448359614, 14.0901292268
14.0693896587, 18.9030777786, 16.5507275949, 15.9108671483
12.4341249866, 14.138283406, 14.4020805791, 16.697031803
13.5274790109, 14.9495986832, 15.7506705215, 14.3143961336
13.5526105139, 16.8508378523, 18.0036823761, 16.4720970034
15.8472865224, 15.8204672898, 15.6974317231, 17.0822046332
11.0007553829, 13.9049363838, 11.5974799835, 12.1101687404
13.1535576892, 16.9285337875, 14.6938353272, 17.2999187666
14.5812555989, 17.2939280233, 17.0792155527, 16.5887516169
16.1198997423, 16.3474790928, 13.5145871238, 16.1397333259
14.3950795359, 15.2985240439, 17.3004544141, 15.5884233919
12.4167880327, 15.3631059466, 16.8021346295, 16.4957182522
16.3107607215, 17.9451401175, 15.8802944312, 16.2995340814
14.1674254287, 14.5115291367, 17.028797703, 16.1850681879
12.9301760279, 17.1068149465, 15.1766756355, 17.3047035994
16.2210547377, 17.1994357843, 16.3930069541, 19.0349078185
15.0158659633, 16.4605121173, 15.3374192523, 17.2684800862
14.9390162693, 16.7858585853, 14.4437278306, 15.062242556
13.3240246355, 15.0507370613, 14.9684971484, 17.6197863574
13.513147922, 16.7221047324, 16.1684334812, 17.4888337632
12.8649216486, 15.7554066089, 16.2295765931, 17.1144571078
15.1852344331, 15.5081506297, 16.3881341666, 20.4576264501
16.5294014897, 14.8282110602, 12.6861010973, 16.0527131377
14.5498626262, 17.0232125368, 15.219178959, 17.1023116825
13.7176813977, 14.8796917361, 14.85819682, 17.3844578755
13.0026215784, 16.1463670937, 16.2555089198, 16.2208461906
14.332596004, 14.3948122622, 16.0326867827, 14.1271770286
15.1089530323, 16.721687862, 15.5006687427, 15.6849803671
14.0963165774, 16.4784818805, 15.4803289415, 16.4112033733
12.590433231, 16.3093081089, 16.3337632742, 16.6747724387
14.7749687724, 16.8284026859, 14.8265860448, 18.0689699186
13.0276178238, 18.3613352836, 17.481396732, 16.8582406946
15.2490661647, 16.8798055389, 16.1466994616, 18.6786264416
17.4476678374, 18.3540869876, 16.3450021145, 16.8927367698
14.7628319578, 18.1733728581, 13.9275774525, 16.9630028527
14.4588242114, 17.1578256893, 17.6106527466, 14.9727560637
14.5243771748, 15.783760315, 15.4730050935, 15.5981846177
13.2856789257, 17.0018182157, 15.35053899, 17.1998494466
13.409339891, 14.7528926011, 15.6291141768, 16.9340868345
14.7051968172, 18.1652812427, 17.690123592, 18.7300494313
14.558214941, 18.4451625393, 15.8974901848, 14.723087496
15.5959384003, 17.0171485572, 16.7193759755, 17.2617675689
15.2343378606, 18.5627533023, 16.2892725469, 17.7146439412
14.784419517, 20.4396768324, 14.94346476, 16.4425317377
15.2309059624, 16.0608964155, 14.3887148253, 16.2007841373
11.6447917989, 15.3937092968, 14.0850234332, 14.9966612145
17.1861911091, 16.4194484515, 15.0945443834, 18.1619827063
15.7563046952, 18.23926443, 15.1542795741, 16.3015089459
14.0094109668, 17.7997176351, 17.1635843692, 15.9732023154
13.3137165392, 14.4768482216, 13.1151629922, 16.7915033099
13.984961429, 16.5614182947, 15.7738898819, 16.7521110433
13.6269886439, 18.3526372125, 17.0206140381, 17.3994686611
14.2589968773, 18.0324841481, 17.4611624282, 16.4022007513
13.928430401, 14.5685924504, 15.312853621, 17.7742456076
15.0383377251, 15.7954826215, 15.72203397, 14.6417826216
14.4493888188, 17.3500702057, 15.2755442251, 15.8689402026
14.9107964136, 16.520432576, 15.0117472533, 15.8806364789
14.7208115385, 15.3248478809, 17.616230315, 14.7040514349
13.5786034312, 17.1646448208, 16.8571445935, 16.883507409
13.6268103444, 20.911825137, 15.0246989707, 17.9925428619
13.3438621903, 15.8058134166, 15.9123192671, 15.89410823
16.2650175495, 16.2933788592, 15.5879687302, 18.3987278331
14.0443534915, 15.0716250146, 16.9915582415, 16.1560507749
14.5820180469, 16.2208038948, 15.6274404266, 15.4969961923
13.2446913004, 14.8473432791, 14.8613218294, 15.4003436471
15.9284247141, 14.33006976, 14.108337102, 14.9244606578
13.7857337595, 18.4276404157, 14.4512375233, 18.3011385827
11.9133352199, 15.9123683895, 12.6715590204, 13.8481729629
13.0203670754, 17.4572263375, 13.6308972292, 12.5889751663
13.5834874298, 16.8764901485, 14.7515679116, 17.2988107555
14.5677812157, 19.205039103, 16.6609619722, 16.9751390891
13.0127220432, 15.9255146237, 13.9788571893, 18.1834247203
15.1331583721, 16.572056393, 15.4169763653, 17.5312248271
11.245235072, 16.6862314387, 15.3250625473, 18.119114734
12.7703845641, 15.2153562492, 16.9973898312, 16.7274325565
14.5601035939, 17.7137572902, 15.430909814, 19.1930011851
16.029000369, 15.5964269279, 16.1170074576, 17.9471022407
13.6365196527, 13.9899883528, 13.6100488507, 17.5278387961
16.6665508271, 16.1383514534, 13.8208551222, 17.2030917544
15.7544504616, 15.7228822845, 15.0016029779, 14.890726461
13.9125450046, 16.618847129, 12.6294424393, 16.5506761701
13.0774737304, 17.4777999639, 15.8511774275, 18.9078962229
10.7956888255, 19.1622465686, 17.4729718773, 16.1405899062
14.4902701889, 16.8320069502, 15.0265042309, 17.1013133391
17.2402785764, 17.4678029131, 14.9244478155, 18.9280815821
15.2382280246, 17.4871104607, 14.5686628203, 16.3900745131
16.6721531062, 16.7865936798, 15.5601500316, 16.8702738073
13.2446499924, 16.776966392, 17.6905112576, 18.5682201857
15.8681158165, 20.1576730106, 17.7534818816, 16.7450741405
17.1050371627, 18.8010322698, 17.3417183132, 18.8287959792
16.8919890916, 17.8917461401, 16.7173441416, 18.0053478115
13.939880147, 15.0226644446, 15.5224893566, 16.2681564027
17.9048632149, 17.9598764559, 18.04250308, 17.3831573727
16.4529836031, 17.541294367, 16.0411866666, 16.0224209134
14.7908006459, 18.5698186981, 17.4462746485, 17.3042573279
14.8319881, 14.7174253593, 17.5354433025, 17.6692818271
14.0969465879, 15.360084242, 15.3079597562, 17.0769585764
13.5929045043, 15.3780213523, 17.4285591843, 16.9375405004
14.1766715395, 16.2525347741, 17.4379461534, 18.0681931903
14.0587232138, 15.7404742731, 14.7174443233, 14.5149088199
15.4998312489, 18.7740955112, 14.5639856896, 16.1475425099
13.2355200739, 16.2279877108, 15.9543991079, 16.5139802489
13.2292110812, 15.377692152, 14.3635413417, 17.6060358905
13.4117131733, 17.9031815038, 15.4690156504, 16.2908018737
13.655056783, 14.8024905506, 14.9676857444, 16.1554036053
15.2698336471, 14.9367082923, 14.7442469212, 15.2472962723
13.7331390114, 17.275266111, 15.4841445279, 17.8708744058
15.4183388702, 18.9776114783, 18.8926742232, 17.2651897489
16.8222577005, 19.2255309473, 15.4379218266, 17.6373829411
17.1902721615, 20.5237535382, 18.5931876521, 19.8123017295
15.4863929062, 16.2743868502, 18.848456414, 18.7773385043
16.4524926111, 17.7410873973, 17.1454141008, 19.6237308559
13.0956923489, 16.4580162825, 18.3038437314, 20.8751445506
15.1137982186, 19.289354493, 19.9623135089, 18.1604825319
16.934784332, 19.5924001024, 16.5234741458, 18.5154686638
17.0041412702, 20.2495369579, 18.4497262572, 18.2891661895
16.2838833799, 17.6399330112, 18.2136749157, 19.1207601465
19.7609165703, 20.0783241379, 17.7001350712, 16.7032135607
16.2975695563, 17.4821406953, 18.0161861575, 18.722593524
16.2650783416, 17.7330545162, 18.7829764478, 18.448620779
16.4769886765, 17.7328614327, 17.3008695269, 18.1136769404
17.5632283246, 19.3746052852, 18.7230151448, 21.9884454933
14.9804397755, 17.4098255689, 18.3825201885, 19.7447166245
16.3804818998, 18.2247747426, 16.1454487113, 16.3268424587
16.7086431627, 16.929564411, 18.9768145683, 17.3438023657
15.4507271612, 16.9415000357, 16.3189940285, 19.1363481966
15.4671232684, 16.5249539945, 18.136527271, 18.8268190084
12.1229410141, 16.0974929236, 15.0892193866, 15.4047068867
15.6755484265, 17.8015133034, 13.4221700518, 16.2561538343
14.1789727987, 17.6788928964, 17.1723512215, 19.5602776022
18.5768377899, 17.3764875906, 15.3211164251, 18.5131606338
12.16933871, 16.3556273764, 15.5401336175, 18.2589320124
14.098679847, 16.4646624058, 16.7743954186, 16.9548918323
14.4881426361, 18.7525622319, 15.750176006, 18.3467961481
15.3529290582, 17.1148618398, 14.9756357859, 16.6592874868
14.9852146144, 19.3172232918, 18.3176538462, 18.4728300467
16.2137006405, 19.5023847484, 15.9730584738, 19.6386167827
15.2513161389, 19.0912447629, 17.8219123145, 20.6085299959
17.1987353717, 20.7339784967, 14.9366467465, 18.5283087995
17.6660156791, 17.6367419949, 18.7726431222, 20.606560956
15.7813561195, 18.0482085536, 17.1360536747, 18.144389694
15.9062637131, 19.0887177628, 18.76469694, 18.6177647181
15.9375216008, 17.523358897, 16.3741380902, 16.1992211555
17.1257644516, 20.7536849152, 16.588750266, 18.2836991919
17.0959309863, 19.3399356805, 17.471619914, 20.0419346419
14.2713287456, 17.9849498316, 16.126227269, 19.4402510721
17.1003091286, 16.0010210141, 16.0951902664, 21.1388861844
14.8651038245, 16.4466027725, 17.2569615801, 17.6918141481
19.0980646344, 19.0850902765, 18.1373367708, 19.2801738128
16.3602286268, 17.865002701, 16.9996747369, 22.4366485345
17.8344245726, 20.5061638646, 16.7904093415, 20.0387730547
16.8199786737, 19.8898933272, 17.8041288658, 17.982411549
16.4253033326, 20.2697475361, 17.6075515048, 22.9434711187
16.5332426508, 19.5410415693, 19.8314113818, 17.5202466324
16.2436352985, 19.8477114911, 17.0816137022, 21.2851019619
16.9039261523, 18.3076685549, 17.8693737525, 19.6290893669
17.1898726888, 21.2024937611, 16.2342075257, 18.7249375829
16.7500730424, 18.1352097397, 16.0355563063, 17.7073975743
14.7926792266, 18.1639172135, 13.4958461529, 17.8315504576
16.0457039216, 19.6101641399, 17.4420581878, 19.5554105348
14.4363129733, 17.1880035679, 16.6208014039, 18.9284174502
14.8002930275, 19.0870030135, 17.0853610717, 19.6807041635
15.3724289039, 15.2821139359, 16.5047886198, 15.1397970937
15.0269102598, 16.3149800176, 16.0808418027, 16.9734897541
13.2494217203, 14.2491320191, 16.0150705195, 15.5235154613
14.6325476249, 15.4312668224, 14.2876852203, 17.6632678856
13.537479936, 15.2772720018, 15.3817797235, 16.4486210912
14.7222591524, 18.0498745076, 15.8627652116, 17.5238566997
15.6048677139, 16.4662801832, 13.7590636057, 16.4207237867
15.0586518803, 17.6792922567, 17.7986056385, 19.6163402002
16.8368816088, 19.6996581706, 18.1302310415, 16.7822514379
15.604807175, 18.255876174, 14.7451036305, 17.7611453426
14.9353730818, 17.4992476518, 15.4510112163, 18.9929434635
15.440513569, 18.7125717513, 15.7231786905, 17.1311623639
15.6362647054, 19.2338048726, 18.4223858147, 16.0758418637
15.8643731035, 16.870939698, 15.5131089938, 17.1349663019
13.2454935155, 16.2930549996, 15.9609659901, 17.0662456071
13.090348183, 17.549799309, 12.6468178352, 17.9600743195
13.1927422879, 17.0239917085, 14.9496042464, 16.8500794593
17.1866607026, 17.6233588959, 15.4687286081, 16.6221574208
18.8441798071, 15.8068155737, 14.8239485811, 17.6685878539
16.249892549, 17.2185630811, 15.6203051943, 16.3938950391
15.3007580148, 16.4674689069, 15.9318298019, 16.8309804474
12.2161177637, 14.2708228988, 14.2346911628, 15.411773384
14.8202044936, 20.138822089, 15.9950707821, 18.1022835196
12.6441726281, 14.5877661168, 14.3462008043, 17.6231097062
13.9571759095, 17.5858914913, 14.3016266986, 18.9689944478
15.4433108602, 17.1639776665, 16.2046847429, 17.7527166264
15.7056955513, 17.156585173, 15.8744605895, 18.9811677176
14.5446699656, 17.1815085126, 18.0537770474, 16.8967157088
17.498857503, 18.7017453556, 17.3666041252, 16.7674409091
15.6792958473, 17.1189587351, 18.1717616905, 18.6396012002
17.5367185072, 16.7342598625, 17.6777213741, 15.5430202546
14.8646425896, 16.0659580808, 16.2541940145, 19.8553578855
15.3004782861, 16.669606481, 15.3083607896, 18.9204518191
15.9441377959, 18.6870585816, 15.6902628004, 18.9935936947
14.2339327278, 16.8094961919, 14.8599006886, 16.7390809973
15.2139518243, 16.0326091478, 14.8023902876, 17.4338700707
13.1090373229, 19.3446510156, 16.6677734837, 16.6848948251
18.1162363099, 18.221084731, 16.0964431959, 18.6407689059
14.5489240988, 15.7535239565, 15.2421362891, 14.5870187458
15.3032929417, 19.2596085343, 17.3044111304, 17.0541588713
17.1808819642, 17.0287396259, 16.2400196154, 18.7675518406
15.214203257, 15.2568583738, 17.1339965688, 14.3655320206
13.1994359114, 18.6749680496, 17.0933617611, 16.9209049813
12.7756187696, 15.9271250179, 14.6377918897, 14.0478134039
17.1580428861, 19.2332504863, 14.5577564, 17.658910322
15.1303743687, 17.5789556757, 15.9461397113, 17.3824273704
15.5475063514, 18.564728895, 14.9332142902, 16.793706658
14.9983477539, 16.3906686665, 16.5771376364, 19.5253044746
15.1881708592, 15.6368984364, 14.4804701959, 14.859808991
14.699553652, 18.1085129124, 15.1430483399, 14.8643948841
15.8311842186, 17.3756212488, 17.132331117, 20.5898118341
16.1361766391, 19.2763743626, 17.1926387769, 18.5147457342
14.2218633508, 17.8811139416, 18.052258269, 16.5519036638
13.0111893232, 16.4221734466, 16.493313014, 19.1250632394
13.7785772133, 17.7185291491, 18.0125910454, 15.9918129606
16.6480462553, 19.6289327943, 14.6210299526, 17.9977748852
16.1800838181, 17.6585447203, 18.6654063044, 20.3789397564
15.4483503493, 17.5727318556, 18.8379629665, 16.8081536454
15.7341743601, 18.1787049216, 17.2483539939, 16.2231015593
14.177705673, 18.8830439257, 16.5986662569, 17.8720642836
14.8542118316, 17.6215618971, 17.1510005699, 18.3737201837
16.7308318527, 19.4839840278, 15.295606392, 19.8441696118
17.7546252271, 20.5675050025, 17.1686498937, 18.2572726567
13.1018565748, 15.5448026965, 13.2552658057, 14.9614072762
16.4042047879, 17.1419715553, 16.3112771035, 20.8243195831
15.2783939333, 17.9498457098, 15.8863538492, 19.1653098569
17.0128384644, 15.8190356452, 15.0062218643, 18.2802492332
16.1574822544, 20.187358964, 16.384460638, 17.0860127771
17.4802162597, 17.7420785884, 16.7108549805, 18.3958549273
13.7987363967, 17.5808932114, 17.2107906243, 19.5811508845
16.1781612339, 16.9061070745, 18.067697272, 18.7309998467
13.4309383054, 17.245489258, 16.6502734913, 16.4663156711
16.5681400982, 17.8553812935, 15.5755828824, 18.5847466378
17.3479419748, 17.0859903467, 15.0525529082, 17.2019808851
15.6143208061, 19.8749881849, 18.7992203614, 18.2582249726
12.6738608029, 15.4245748825, 17.6802789332, 16.6784453779
15.1572655498, 17.3628004342, 16.8507221532, 18.4702265733
14.1359861359, 16.7648129104, 17.071358818, 19.0268452065
13.5337991837, 18.4939455126, 14.8881603798, 18.497262459
15.2339438073, 18.2478319847, 15.1608434258, 20.7381883466
14.6263041037, 14.854737521, 14.9679396361, 17.4991280681
13.0273039323, 12.0473433251, 11.9491097749, 13.9258932443
13.8314573274, 17.0917850997, 17.2037267916, 18.0085437477
13.401227285, 17.6344873945, 16.2598717992, 18.0437223111
16.1239528755, 20.1325187568, 16.5044667576, 19.0279718998
14.3124204219, 16.8197303354, 16.0498634334, 19.1526030499
18.4686532329, 15.7227867456, 15.8164161199, 18.133937471
14.3702064901, 15.8932283694, 16.0236411644, 17.9871615774
16.6361982241, 18.1654429934, 18.2954693186, 18.2223077812
12.8439084081, 14.8759568556, 15.5358721445, 14.5518792781
16.6336016118, 16.9331182749, 20.2370466451, 17.435945967
15.6203219004, 18.2190696567, 18.1038490409, 19.1117147568
16.1659680288, 15.6525655953, 16.7429113355, 18.5126285993
15.6260724596, 16.219201286, 14.9551685294, 17.9802263355
16.4166985421, 18.2878550372, 15.1862585861, 17.8512294954
14.7826492555, 17.5288831181, 17.1296608645, 17.5414762192
16.8664443315, 18.4674269767, 19.8738496377, 17.7205354966
15.2316231669, 15.7025409018, 15.7712976489, 17.4208574342
14.6134702796, 17.0352100434, 15.6082210952, 17.6617810137
13.0787253704, 18.9914471534, 16.06003726, 17.7012127198
14.8908097663, 18.571331434, 18.5631145043, 18.9897588642
14.8884065597, 18.6776911594, 15.2433389436, 18.11326057
15.8032418105, 15.8246078163, 17.390244005, 18.4642812365
14.1364541653, 18.6603310088, 17.316416035, 17.2159093592
16.422814833, 18.1350287874, 17.744853934, 18.8252427651
16.2111445519, 17.5436015057, 15.0627094152, 16.0024643111
14.1058649387, 15.0570182295, 14.791648913, 15.0534993255
12.955289814, 14.9725310134, 15.2692238345, 16.3099794214
13.6989135851, 15.6953061336, 14.4503044675, 18.1070991115
17.9100605985, 18.2480071003, 17.5755532239, 16.010230886
15.8606683128, 18.3597892935, 16.7880394809, 20.5870596791
12.6459889674, 18.0888324355, 16.4966575206, 18.0785651479
14.8747165552, 18.1325349811, 18.0693230003, 17.7040572425
17.600182982, 19.5161247331, 18.0855535404, 17.7135852524
14.6320093498, 17.7777440412, 13.8578538899, 16.1609044891
17.4188756764, 16.1717945724, 15.6153653026, 16.12284404
16.4435312505, 18.7736540811, 16.7725952772, 18.7732719486
14.6675767868, 19.8119654917, 15.2088488243, 18.2223658819
13.1852888281, 17.6266023581, 18.7041727361, 17.2565026878
12.4652649711, 17.3248397018, 16.0360019564, 16.1716952122
11.9160655961, 14.590974588, 15.3455817974, 15.9008133957
12.1581187833, 16.5732861342, 17.1577993202, 16.8630493055
15.5322904245, 17.0845872105, 17.2824689615, 18.8841491223
15.1586972453, 18.858123143, 16.6608715582, 21.2297652074
15.4495279065, 19.2532387621, 15.9910690733, 17.8035904773
16.3826313543, 17.7788276579, 17.2716106188, 17.89534054
13.0238878524, 17.777599835, 14.300409572, 16.127975923
16.6461553555, 18.3156651446, 16.8858947234, 18.2791812971
15.5418054272, 17.5982115692, 14.1783014812, 17.2739393641
14.3693467879, 14.6946546267, 15.8700914702, 18.9322230487
16.2022536944, 19.3102883033, 17.9269693183, 18.9952137795
14.0273640776, 17.3453082764, 17.2116644254, 17.0182060071
16.8422048027, 19.9803537862, 16.2251115578, 16.163603138
15.5562549094, 19.3715938541, 16.2422591847, 19.4119725611
13.4437208643, 17.1818912228, 15.6918568018, 19.6947954001
15.2461845554, 18.446265736, 15.8499884892, 17.3130034562
14.8536972445, 17.0969850682, 16.2070875883, 17.1571282104
16.0274784091, 18.1892872557, 16.9047759821, 18.5569247175
15.6718749446, 17.4529087572, 14.9372996851, 18.1271527851
16.5128470738, 18.0449673274, 16.7273938018, 20.1715790535
18.6613230022, 18.4504301315, 15.4110544493, 16.8678555403
15.9536043629, 17.8705787697, 17.4983492643, 16.6290334308
14.5264975695, 17.2042259684, 14.7173944124, 19.3700251669
12.2368206774, 12.0493899114, 13.3203939621, 16.5468881733
14.0022262279, 18.1082088639, 15.2909290594, 19.3288958456
15.3704652845, 17.9639767041, 14.2754584816, 16.3141813303
14.1908836822, 15.6421119464, 15.0514556132, 17.4716516392
15.4829963123, 16.0043645439, 16.2629094012, 16.6269458674
14.0163243169, 18.6611783411, 14.9276442399, 19.7758421612
14.6837234945, 19.6686872466, 16.5427781882, 17.4287694358
14.9835302026, 18.5703321139, 15.5885555841, 18.5105080037
17.3447419034, 20.7602924618, 16.9461780625, 19.9000737027
14.7954314914, 17.1758728408, 17.111621931, 15.9174349664
14.9645157883, 17.9634175276, 17.4539912246, 19.759066193
14.8544014668, 20.4099081946, 16.7372366944, 19.8612965428
14.2052239625, 18.725986393, 18.701676676, 18.9026005527
16.8126165109, 18.2903165573, 18.9629686201, 20.5962521023
17.9513093622, 19.6141218076, 17.7004460366, 18.5178493338
19.0605371861, 20.3701506533, 18.1263323898, 21.390767798
19.4041258777, 17.9389340671, 16.6005184696, 21.3591589423
16.8844109968, 18.5313694652, 17.023202635, 18.9877789489
16.1235837129, 16.9348251892, 16.0998754062, 16.6430090382
14.1034863349, 15.5609329155, 15.4450210614, 18.006745769
15.6632471411, 16.5852418852, 17.7323121331, 16.2603323563
17.5576628828, 18.9315988571, 17.203134495, 18.200027654
15.918044109, 16.7421266506, 19.1827272568, 21.6494099333
14.9383086309, 15.6578086494, 16.1803527388, 17.5299195311
15.6163937012, 18.1605452945, 17.9303570915, 16.5242103493
17.3063007018, 17.2069516776, 17.9967744089, 17.5334811111
16.6067411457, 18.3478892549, 18.9374789869, 19.7304825905
15.2669518915, 19.3082011294, 16.8760701544, 20.2057822804
17.6743056977, 19.3575124365, 18.633463174, 18.3057232011
15.2189655338, 18.9842988511, 17.1617496056, 19.5778183784
15.6892746566, 17.2648364476, 17.6461651333, 14.4176445936
15.0547459895, 19.5289094349, 17.8889327309, 19.2333657901
16.6188561923, 20.9065352551, 18.0145864606, 18.5086096343
16.8970074425, 17.0594153764, 18.2836691509, 18.8371329972
18.1519559579, 18.3444666703, 19.6952073603, 19.4206178313
16.1430172046, 18.8579736665, 20.1660030835, 18.5213767245
17.866109557, 19.8155935588, 17.952098032, 19.3407183128
16.8604560877, 18.3527744282, 17.619878574, 19.4567156285
16.1008680363, 17.1000744539, 17.2392987255, 19.0558724864
15.5528737396, 18.6263814188, 17.753467307, 23.2282174525
18.0047859169, 19.7918678787, 18.5512757116, 18.301514203
15.0376251154, 18.6225886202, 17.6210922214, 18.5227164502
16.3224764426, 15.1369088174, 17.1964972332, 16.634202387
17.7045173957, 18.9062711661, 18.5970882263, 18.8689295689
18.6528641387, 19.4820972653, 19.5162491035, 18.0371361739
15.9089271752, 21.3846210274, 18.1345331941, 23.0734772653
18.8704318409, 20.8446457294, 19.3809063587, 21.7583487291
16.7235286918, 17.7819163569, 18.6617496263, 18.5846700309
14.39650583, 20.156317241, 20.259275613, 17.7862703486
18.065274287, 17.8326769311, 20.2282567429, 17.0367187924
15.2016584698, 18.5482262824, 18.3604856721, 19.5328685265
18.9713705447, 20.2755110958, 17.6436812338, 20.3297437636
16.8099534147, 19.8396238522, 17.9953112516, 20.7484058851
15.3554569652, 17.6195315054, 15.9020007301, 15.9963338831
17.657053279, 20.4725124548, 17.8769438811, 20.2911669551
17.0502631798, 16.8869089189, 16.7272686836, 18.0451345424
15.6498653491, 18.5177782335, 16.1442304736, 19.1742281311
15.2672138574, 18.8185784977, 19.7733796614, 21.1145519304
15.3948792485, 18.6625364505, 18.731571942, 17.1465999228
14.4488938262, 19.2889052089, 20.10050801, 19.4550200896
13.8057535311, 19.2955436559, 18.2555218483, 18.9588918156
15.2644337992, 20.3778370729, 19.3880059697, 19.2484827385
17.555820639, 16.8474464786, 16.3978185221, 17.4185253364
16.0993781419, 21.4484219801, 20.5744463997, 22.4722907455
18.4756500404, 20.3012057884, 18.8312626738, 18.1933032528
17.9427771525, 19.5840918772, 19.8543463315, 17.3685987383
17.8808132153, 19.296444518, 18.5316342293, 18.8285914261
12.9830380735, 17.1931209575, 15.1339341063, 14.7520793808
17.4744805465, 15.9535512601, 19.1136144405, 18.73311798
16.6038101408, 18.4983295926, 16.9991852626, 18.0814879935
15.9742186171, 20.9032750596, 19.9328289205, 17.3999533806
16.914210632, 17.8456401137, 19.752058299, 21.222507461
17.2862129709, 16.815751062, 19.540583523, 18.8844970402
16.7256212021, 17.2749881175, 16.5113869253, 18.3371569826
17.4555107669, 19.953518226, 18.4228930744, 19.0686388495
17.7731454813, 20.534505993, 17.0169948811, 20.1486439216
15.0422939944, 18.6963330577, 19.0073659748, 20.4386469076
16.7303948667, 17.4055739442, 17.9613450762, 16.5595637068
15.9985533517, 18.156237182, 17.4824257033, 17.7169024711
17.2164766383, 18.394023757, 18.8088344233, 17.9799222142
17.1520006105, 17.8408967549, 17.3344890206, 18.2730336708
17.091243367, 19.6059786415, 16.4924108488, 18.2182328979
17.1839329799, 19.5569454774, 20.0967386922, 19.9889491235
18.5355292054, 17.1880052098, 15.6063774037, 19.7347086818
17.0949991587, 20.434837197, 17.2912657108, 19.1678206448
17.7029441157, 18.3580475581, 17.3799825495, 18.1283754903
20.2023251366, 17.8280846231, 17.5619654064, 17.4579038277
15.8141285594, 19.9994195383, 15.5317106935, 16.7019982061
15.5512496591, 17.6950654991, 18.4980686427, 18.8577250716
14.7056958536, 18.4789113385, 16.7607283523, 17.9121352745
16.2852095221, 17.2953192767, 15.3833451953, 18.4673576758
16.9841229939, 21.3620798689, 17.1637796822, 19.104180221
16.6787703468, 19.0296179927, 16.6955528407, 19.7049082879
17.3395930938, 19.4521749223, 17.653860564, 18.0579895713
16.375220519, 18.9587182585, 19.2891606792, 20.5274888171
16.6852007015, 18.813736622, 18.1617836248, 18.8667406591
16.6164107471, 18.1785044796, 18.5930142971, 18.1930885471
17.9271212769, 21.2654259366, 20.1587929301, 19.1786951447
16.5727741096, 19.148338379, 16.6877048026, 18.7969978498
14.9888345136, 20.5268881455, 19.5591587396, 19.4033801126
15.707153931, 18.9672098423, 19.18233149, 19.0572994066
16.9973417662, 18.4831890556, 17.9394839089, 21.8511573304
17.1562291451, 21.492286786, 18.2303776482, 19.3202565289
17.0593198547, 19.804693532, 20.0512365741, 20.4761107423
14.9993288242, 17.1933387729, 17.7844643251, 16.7934199597
17.4181093326, 18.9552807409, 19.9405513065, 20.566522033
17.5419956745, 17.9988171338, 21.8431352562, 19.7117118883
16.2679254612, 20.465057188, 18.2439273597, 19.6944848255
17.3902938407, 20.580040344, 17.9997920369, 21.6995827987
15.8179543214, 20.4692052352, 17.657472922, 18.0041725643
19.0109062819, 18.546502934, 18.0167202387, 19.4494607461
18.8977027715, 19.7069161248, 18.2804825124, 20.2505349104
20.9817509948, 20.6673221529, 19.0668704887, 18.0583479693
17.9704063186, 20.8087144255, 18.1407368331, 19.4265030724
15.7110823697, 17.1712735447, 19.8024456926, 20.2804629003
17.5822195543, 21.6720263246, 19.6224133934, 20.2481220918
16.0171454867, 19.8957214908, 20.2954922803, 21.5169906325
16.7805132766, 18.4520270404, 16.9490855093, 20.4666185086
18.4402537431, 19.9928479669, 18.8433242698, 19.6001467352
17.22518541, 21.006176477, 17.6111002404, 22.088441967
15.3287649651, 18.5903964675, 18.6916655897, 21.3438502593
16.9397470707, 18.2426884934, 17.0961295163, 18.8754960313
15.1098834719, 19.0477484166, 16.0774427251, 18.2438842559
15.7104432883, 18.2372256681, 18.8581180938, 20.0621271518
14.8919343492, 18.8323750791, 18.2657237326, 18.2859060928
16.8602939257, 18.3367695255, 15.5944405503, 19.618188018
14.6967221947, 18.1685086751, 19.3004837621, 19.0681080978
15.4456889578, 18.8884432474, 14.2959997898, 18.7071816584
17.5015778158, 19.2445677976, 17.695228648, 19.3553173935
17.1658586274, 19.0883577814, 18.4426118443, 19.2684299818
15.5617217341, 17.0369409774, 16.201626453, 17.7450827216
17.2644272282, 19.130842501, 16.4526726564, 17.1328149229
15.6087067854, 20.1188509985, 17.3399915461, 20.9294876875
16.5913762833, 19.9418202504, 16.5977230524, 18.3278003207
16.9970488303, 19.8826223083, 17.588522994, 21.3370678463
16.4205483509, 17.0231128015, 17.5259394093, 18.7587835517
16.0573947881, 19.5168787976, 17.0006862825, 18.4933382979
17.6222513149, 19.9905952492, 18.0660739402, 17.8119309827
17.1227755561, 19.4987143653, 16.7866042833, 18.5487762899
21.714064866, 20.6414624094, 16.9860994373, 20.2952417124
15.627575671, 19.4824478946, 19.3300293536, 18.803595798
16.7228431158, 18.5971302118, 16.9827382849, 19.4402559439
17.0970822661, 18.7254054713, 16.6255125857, 20.2588805909
18.8754854479, 18.2541733609, 17.5453416096, 21.0924518261
15.2189932472, 17.9524224685, 16.5794309956, 19.2975854464
16.5483143293, 18.3473436806, 19.389984837, 19.4545297529
17.754196436, 18.6104716111, 16.2322967253, 18.1113953498
15.1329716071, 16.4043521352, 15.5210065302, 16.8675082405
14.4877954675, 16.9849687035, 18.4158918658, 19.0742807264
17.2110634048, 20.9868537537, 17.0131687861, 21.2223919298
17.4062492891, 17.2140943941, 18.2797919391, 17.6167515702
15.8185176289, 18.7523018601, 16.6119684816, 19.5509624778
18.1687039137, 18.7178563405, 17.766727254, 19.7538468792
15.4791003612, 19.2100677996, 16.4229349242, 19.2361567308
12.2632585047, 16.5317662188, 15.8371780717, 17.4801140484
17.3740498229, 20.9283379007, 20.3853715914, 19.4747094035
17.4749237305, 22.099143821, 18.3096056401, 19.9154043671
18.10395497, 18.8363019612, 17.9266580559, 18.630131724
15.2562880366, 16.197599618, 15.2491872679, 18.0386671329
17.3633142252, 19.1268760809, 16.7266097842, 21.3967920877
13.5185914626, 17.5811682706, 19.2312243705, 17.813739041
18.0293943372, 18.5963275566, 17.8803315126, 18.1151278112
15.5735487417, 18.2773974903, 18.2736871367, 17.5159527632
12.983264826, 17.1932318473, 17.5891263752, 18.0235379843
17.31116129, 17.0676186331, 15.6092377145, 17.1241177234
14.4657393651, 17.4376603959, 16.9818527793, 18.9864485375
16.7101425488, 16.3443182657, 14.0694530617, 18.5113687281
15.1589000106, 19.3948618855, 17.8418538082, 18.9565947276
16.6548648958, 16.8087217169, 19.5470040419, 20.8907235459
17.8048335891, 16.2392308642, 16.3853662923, 18.1638806733
17.9220798256, 18.865581254, 16.7166217309, 18.3725512023
18.1375817977, 17.0015898789, 18.3067141409, 19.4945135533
18.5951609561, 18.9680020303, 18.5787139634, 18.2684813033
16.8155947855, 17.7681811803, 16.826792454, 18.4909558651
17.0339266756, 16.7500404065, 17.775709465, 16.8961689858
16.257589699, 18.2225971839, 18.9784900729, 18.9723342781
15.7038094067, 19.1872119829, 17.6376082928, 17.2722064711
15.5463713735, 17.8540475439, 17.4531868842, 17.5179814041
15.4946591174, 19.6536537189, 18.8805229559, 20.0235859262
15.9594734998, 19.9646268698, 17.6233094494, 19.7871050496
16.583413962, 17.0130391475, 16.3904785717, 18.5514189872
19.1210664744, 18.4106843875, 17.9894562163, 18.9824670611
15.4501578945, 19.9950433493, 18.2773335865, 18.5462263781
15.4570917226, 19.1816486835, 17.5042724053, 17.1925074318
18.2076723012, 19.0233214942, 18.0964154937, 17.8664985944
16.4697771404, 18.8976872669, 15.6410921687, 18.3145569585
17.1772430451, 20.0683972061, 16.9536713544, 20.1262808389
16.2959000673, 17.4064689548, 16.9977466649, 18.3592188823
17.8815351604, 16.5891865076, 17.6577447004, 20.1766924969
15.3779943198, 19.1583812901, 16.9711769246, 17.5073333356
16.8292384248, 15.8130246522, 15.9046354296, 17.4897812187
17.1172233973, 17.6310010202, 15.8028277771, 19.691350469
17.4496196794, 20.9194975332, 16.2433073376, 18.4393257896
16.6970716173, 18.3822623895, 18.6093257888, 17.5440054035
15.8041143698, 17.5903378373, 15.96024853, 17.6977305675
15.9719200486, 19.5686201169, 17.9144603296, 18.8438869104
15.8921330702, 20.0453352447, 16.3667677664, 19.842873234
18.3208214253, 19.7508888768, 16.645183141, 19.5528446011
16.5232130878, 17.5596796544, 18.0739514052, 18.3087929438
15.2555879814, 16.8088268427, 18.7973941895, 15.6561904752
16.7806195937, 18.5323994978, 16.968985275, 19.120705997
18.0816544993, 19.369772328, 18.8709008948, 19.060518363
15.5454170877, 19.2733970239, 18.2081595996, 21.5035050236
18.1703898099, 17.6090443374, 16.4077516093, 18.1066291317
13.8280412353, 19.0103695744, 17.4578707305, 19.7324917444
18.3580171857, 19.2891044696, 19.0472496206, 18.3698824693
16.8635453658, 17.9038623463, 17.1372053756, 22.6720890427
16.2854087149, 17.0494127092, 18.2929152655, 20.9716268586
17.5931703661, 20.5518588497, 17.6008018534, 19.5570005134
14.6410927794, 18.3956536612, 18.0977919687, 20.1907639943
17.0477834214, 19.0704144499, 20.1673362505, 17.8486094705
17.6657773114, 19.2055614349, 20.0443943564, 19.4233005239
17.0574336184, 20.814302442, 17.823925702, 20.1221380634
20.5233810885, 17.4837945944, 18.486505106, 20.6253530862
15.7088456924, 19.0212238624, 15.8386249711, 18.8305543267
19.0889483055, 17.6377303111, 17.9730806151, 21.5409487923
16.4422053996, 19.5163625142, 16.8163315926, 17.5064957893
14.1672425806, 18.9349257018, 18.5549486326, 17.809987838
16.1344261868, 19.0772447134, 19.5381782039, 18.3029415862
17.6024069389, 19.0014384179, 15.9655800162, 19.9472250999
15.768111879, 20.7049673552, 18.5378490232, 20.72917403
17.9535063628, 19.7209222536, 16.5590656634, 17.8173048593
18.7282358775, 17.7563377805, 19.6574475457, 20.9880669112
16.8124059787, 18.8597809347, 16.7385203096, 19.3524248521
18.7338189448, 18.2831322097, 18.2910137085, 20.2598369548
16.9715725743, 17.2711262183, 16.7649595611, 17.3050299396
16.7596503922, 19.7014681913, 18.1187106462, 17.5699575845
14.6278526409, 20.3692859901, 17.7620808, 16.5022687787
14.6272899071, 21.4101218728, 15.7792640414, 17.3092882169
17.6098393365, 19.746713429, 17.5897278655, 18.5649902149
15.9134466091, 19.4838093695, 19.8195068974, 18.6230193773
20.2530757469, 18.305962294, 19.5703570808, 18.1377403261
18.5644028232, 18.9687807996, 15.7690082501, 19.4817783755
16.8619417747, 19.4441457005, 17.8111469174, 19.0089500095
18.1554433733, 17.8157661191, 17.3129369264, 19.0933940586
14.1878403983, 18.5453392598, 18.5681889578, 19.5124339911
14.8229184595, 17.3493511769, 16.8387816293, 16.545943736
14.6501560373, 16.5678069665, 17.908494299, 16.9544910504
16.5015082259, 18.6671725048, 18.2967188181, 19.0249150418
15.8921433518, 19.3178370529, 19.091435493, 19.8359544044
15.9997344999, 17.7198686047, 19.9119096636, 19.0637924952
15.5387482691, 19.9990471067, 20.113801673, 19.8999325101
17.2684292527, 18.4789790278, 17.3931024926, 19.5304641336
18.3588540762, 17.6646050454, 17.1703042784, 20.8675964508
16.4316176688, 18.8490777964, 21.0088066704, 18.5660041758
20.5575653075, 19.8913874629, 19.0922642786, 19.854907435
14.0787920008, 16.5351686934, 15.7127875415, 20.8616594516
15.3746412067, 19.1920825954, 16.8326926608, 19.1793365608
17.5074759194, 20.3623192712, 18.4641740679, 21.4388659465
16.7535763578, 19.7529456478, 16.9915031466, 18.365354427
16.5353140113, 19.887972019, 19.7299186272, 17.3230452705
15.3769484824, 15.6008687607, 16.0305112686, 18.3175936218
17.3322543915, 21.0707367085, 18.7901882304, 20.945142431
16.9940399366, 22.0308078821, 20.7481574018, 16.6884462579
18.2706968673, 17.9849864063, 17.7279460971, 20.0279480259
17.8169415763, 18.1046115218, 18.8467307697, 21.2352710084
18.1558400499, 20.4518231196, 18.9623916539, 20.9693444147
16.2747702677, 18.8000119417, 19.2630443994, 19.2043423457
17.8814862316, 20.0370572895, 20.0121399013, 18.5298915253
17.6461050689, 18.6825506008, 16.198075302, 18.6822681716
14.6220795108, 16.2308444985, 14.5156795835, 14.8147326511
13.9825249664, 19.713840619, 15.1914087878, 16.3764176416
14.0626609091, 16.7744417503, 16.1242237487, 17.6864215315
14.7579140963, 16.7552519448, 15.772834166, 16.4618910452
18.239054722, 20.1396691638, 18.6435770002, 19.3192541306
14.775181454, 19.5262751877, 18.1078975446, 21.2501043548
17.1117879615, 21.4260337356, 18.3158380354, 18.8303921525
16.1672520859, 18.5752979394, 18.1489735414, 18.6025790494
16.2468619104, 17.5233702203, 16.0936559203, 18.7658782881
16.0217876477, 15.3195222333, 17.0821632633, 15.8527899286
17.4259620122, 17.34291293, 15.6000340292, 18.1403080905
15.202652455, 15.0948433324, 16.8415188241, 14.6607488251
15.3927803683, 18.0435627545, 17.945053881, 17.1815182656
15.5017650956, 18.7859642208, 16.6109485883, 18.7697460985
16.5162928748, 19.9718320144, 16.143994122, 18.289656495
15.9565527438, 17.1731784617, 16.9548905992, 19.6226453907
15.3982442826, 17.8262630811, 16.3595125218, 19.7539407507
14.7849246517, 17.9875947017, 15.5503327714, 17.1437974399
17.5222252399, 17.0462530287, 16.7943631056, 17.6541798903
13.4274326332, 18.0986424482, 16.1048369835, 17.2257011116
18.5846988127, 17.0886040619, 15.9108984179, 18.8866789551
15.3267315353, 19.5039651592, 15.1747131784, 19.9037364516
14.8185313452, 16.6511859958, 16.3774094203, 18.9624739839
15.7784336073, 19.2989240412, 16.9631897242, 17.4490196526
13.5565012235, 17.1294792302, 16.8218164874, 19.5492234061
15.7469779446, 19.0144191623, 17.1644828932, 19.2365696056
14.9198802015, 15.6644756397, 18.0226343266, 18.4740477625
13.2956097593, 15.4910832292, 14.4922709882, 13.6857546684
18.3161473021, 16.6344639146, 16.1228808096, 16.7041678771
15.2813483064, 17.8949509505, 18.7679057087, 18.9776163471
15.525952605, 19.2572547577, 17.2327426814, 18.0075260071
18.4557655675, 17.8840146819, 19.9048958281, 19.4416663774
16.3211549688, 17.107032823, 21.1986905156, 20.2371942006
15.6008037526, 17.9518529062, 17.3602484241, 20.5201872615
17.1768189298, 18.7353677048, 19.0034330119, 17.665459699
16.382028494, 20.3244795838, 19.7062025456, 18.9978907635
16.2581201095, 19.6787679921, 20.0546086664, 19.9346361945
13.1672694454, 17.3420813492, 14.6620632482, 16.4224894664
18.2516389599, 19.8375785998, 19.9394443919, 19.7411688809
11.5133386581, 14.2539466673, 13.5021671309, 15.4977245938
15.7723560119, 15.7663751839, 15.6078976636, 18.2867028325
15.6587308075, 19.664415877, 18.0059621525, 20.7185060762
15.8952742787, 19.5854818139, 18.3976374195, 22.0016113992
17.202472489, 20.416235943, 18.1577752781, 20.2356661317
18.9680259648, 18.1096117107, 17.7636934981, 21.7353976935
12.5441235359, 15.0526246939, 15.6567081059, 13.7005951092
19.1340286772, 21.3952136, 15.9102571353, 18.6364814981
19.9111564649, 19.7875128149, 19.0980946942, 18.6026058485
16.7667390042, 20.4699772607, 17.6338909439, 17.9700499398
16.3371771695, 18.9651186992, 17.5049492277, 20.7517347008
20.8052177487, 20.410277441, 19.9114734135, 20.1665168167
16.3497912703, 19.6270032066, 20.3935234897, 20.7231981665
17.2200315112, 19.8269600632, 17.9706315285, 19.2204706903
16.6401381893, 17.2698141045, 16.1030773012, 16.7355525183
18.8811037708, 18.5412357107, 18.1040253904, 20.4640570095
14.3169340818, 18.7738248975, 18.8445272695, 19.8001624232
12.94826759, 17.3095872313, 17.196482073, 17.1374568717
16.889692765, 17.7185131217, 15.4569207927, 18.7762123732
11.5888639566, 17.1119674021, 15.2696921996, 17.6411536525
15.8491540692, 17.0974619698, 16.3372877177, 15.8451141766
17.5525705054, 19.6130838778, 17.4112643965, 19.4609560191
16.9497318424, 23.1013961826, 19.9933336089, 20.9363725843
20.3876660935, 18.4545895121, 19.0001081256, 18.5869865257
15.2835251386, 18.3714670436, 14.9967134667, 15.9763622806
16.2349386641, 18.2446092427, 17.2429094833, 17.6772726058
12.0749318357, 14.369059003, 13.5593297368, 16.4895484444
16.2895445858, 15.986388283, 16.4698389844, 17.227707573
18.9974981274, 18.9564854045, 17.7122318725, 19.0698290021
16.7713853007, 20.197120969, 19.1886606753, 19.0991363493
13.3970585043, 17.2789797322, 18.4392630551, 19.0830782195
12.8744840887, 15.6669736764, 14.1328065463, 15.7210702244
15.6990201625, 17.2484061838, 16.4626410277, 19.3158190008
14.0023690091, 18.7074096598, 14.2429891372, 18.9905869424
16.7622242865, 16.856189698, 18.7651960004, 18.1544364256
17.4791221512, 18.9920895419, 17.495553853, 20.5370873347
16.980925419, 17.7806065507, 15.4709424752, 17.0965599974
16.7495749068, 17.4554355953, 17.6321011351, 22.5788029136
14.5691666699, 18.2430118408, 15.8763454339, 16.5254749722
18.0975708139, 19.5745818454, 18.1793515278, 19.8493185749
15.5510332258, 19.7949949051, 18.9083967998, 19.9966241534
14.3269378761, 19.0601821152, 15.4337672638, 18.3272712637
16.6480421641, 18.8604588881, 17.8120862491, 16.2695109274
16.8619992323, 20.1552807986, 18.6602269524, 18.5434012193
16.5435842878, 16.6470184206, 13.7913102949, 16.6554599633
18.4397939284, 16.093226037, 18.5561069888, 19.0596710201
13.9808175889, 18.449782833, 15.8434266288, 19.1978316918
16.6131929884, 17.6703881808, 15.4745957101, 17.6591063036
20.3150613403, 18.296435778, 18.5239294438, 18.0131463973
15.0858008504, 19.3238496622, 18.1354837574, 18.9147086426
17.1489805048, 14.5608001851, 17.5324193008, 19.2605960909
16.110611051, 18.0513238708, 16.1115840526, 16.9212063556
18.586262399, 19.4262804596, 21.0981416194, 16.8134651133
17.7475197736, 19.6167647569, 18.9080703148, 20.7273853011
17.4733538662, 18.7161555104, 18.2852639545, 16.9203099528
15.7283752609, 17.5343452406, 16.9613941072, 17.2417072653
15.8889000405, 14.3568267176, 13.7541548595, 17.1565159257
13.2080034875, 17.3052621701, 13.7280666722, 16.9186465786
15.4049514013, 15.9802895947, 17.5176010738, 18.0349995778
16.8537341205, 18.2994201281, 17.613359906, 17.9323852273
17.8111174147, 19.2353124725, 18.7401717328, 17.6205935358
16.5965953754, 19.1795660616, 17.4417034986, 19.5252466018
19.1006463296, 19.0438615571, 18.9071838332, 19.1491651472
17.2421156026, 22.847105099, 17.0920544702, 19.7519084045
18.4687316611, 19.5546327214, 17.8346738697, 20.0852144707
18.4067849835, 17.9895945395, 19.4663846287, 18.3292222812
15.0349862409, 15.9506657246, 15.7131613132, 15.8098953746
13.9879546066, 20.1220218485, 17.0718631043, 16.9836468433
14.8362730611, 16.8100073181, 15.4496036504, 18.1830238772
12.1177275242, 15.0735788369, 13.7169559341, 15.2117097219
15.4683412279, 13.5845527128, 16.3806945032, 19.1535481152
13.5170327246, 15.8095066244, 14.0382672266, 15.3532628114
14.8473953597, 17.3599474883, 15.4313645278, 16.4929835029
13.4564493351, 14.8237721813, 12.5965205644, 14.6110108213
13.0923940788, 16.0892873058, 13.6094430069, 16.4839154479
16.220037105, 18.566087382, 19.203071026, 16.5720215214
15.7529225263, 18.0583818296, 16.7904205506, 18.0764328622
14.8646028867, 17.8033559177, 14.0999510166, 18.6352519243
16.883034226, 20.5346314844, 17.1902631061, 19.0318159759
19.4250994899, 17.2833024165, 17.1777114025, 19.0315592321
15.6648611181, 19.3878409928, 16.5755044698, 19.0270208897
15.3191750177, 18.1172359462, 17.1988162012, 17.2942707929
17.1382533046, 18.8177142885, 17.2824138986, 17.4110924979
15.9733361904, 19.0115150191, 16.4627332514, 19.3701951824
17.2882340731, 17.782061056, 17.3510587582, 19.8861844783
14.7280205092, 18.1356777886, 17.9173172848, 20.0160864994
15.2639641967, 17.6659469515, 17.8841003848, 19.6878033885
16.963894265, 17.1634257424, 15.430204076, 19.8060134255
19.1908150241, 19.9267440946, 17.8889425302, 19.1749500376
16.3983637698, 19.6146751857, 17.9958151798, 18.0461582599
14.6901082487, 21.437259052, 19.1468444229, 17.7707321872
14.5145141254, 19.5814904822, 19.3237644333, 17.891363101
13.6688558421, 18.5282143297, 16.4822886695, 17.4761576632
17.8235196226, 16.9747607187, 17.4674780313, 19.3919154771
15.6308541145, 17.6151329913, 17.8457475894, 19.070775227
17.1670099014, 19.4339818689, 17.7433540921, 17.167035467
16.6282174708, 19.9917562003, 18.8722101132, 17.6595344445
15.9692581194, 18.5096308921, 19.5431096084, 17.9316881761
17.4169927479, 18.6644290344, 17.89978824, 18.453029739
16.4356848569, 19.0525038052, 16.9882736264, 19.3167114139
18.1300084717, 17.1956902349, 16.4307985548, 18.1003956423
14.1591168247, 17.0422847957, 16.0586748068, 15.5872371334
19.8103605835, 19.070530498, 18.3122020039, 18.5901868391
16.2394948318, 18.4673458956, 19.4556117871, 22.4201298961
17.4823542908, 18.3586754141, 16.0642824135, 18.1071428446
18.6327406819, 20.250844374, 20.2444542369, 20.2795819342
18.3940736503, 19.1286825211, 17.139471471, 19.9508728272
17.7546985986, 20.5837475062, 18.9456924807, 21.2203369797
16.4097201735, 19.9541616882, 16.0713217277, 18.8048600017
18.7382777176, 17.8664782155, 19.2370532918, 19.5700715202
16.4153301338, 17.0801091009, 18.9960729456, 18.384595551
14.4759316356, 19.2492534068, 17.159105701, 17.8271128884
14.4846232578, 18.6305161329, 17.5731920798, 17.7810767201
16.6688570246, 17.6108974184, 17.4568701517, 18.154742873
12.152217603, 18.5379414696, 17.0797171158, 17.3721082195
17.9591135926, 18.1437808517, 19.435683172, 17.9799080719
15.4812931728, 17.9115206014, 16.9613014589, 16.8405841983
15.2096222478, 20.9889272259, 16.4099772488, 20.7175809418
16.1666579157, 23.2765987133, 18.8823886187, 21.3826659011
18.6481330614, 20.3194110409, 18.954894991, 21.5596673268
16.4420526233, 17.7587121694, 19.6941143237, 16.3539238443
17.9490585708, 19.3294696648, 18.038528119, 18.0664595655
19.590454271, 20.5181342716, 18.3602418944, 17.9904911141
15.521742097, 19.8049897714, 18.2346667822, 18.0711787654
18.5140576797, 20.7187687545, 21.2533010371, 20.1801690425
16.6244811967, 18.1285690162, 18.5584164221, 21.0940070685
15.962951451, 17.8767777018, 18.1140329063, 18.0581171197
16.7409229401, 18.1195786597, 17.8579680355, 19.4613012227
15.0664518195, 20.0922464302, 18.3531486692, 21.2729133308
15.9576596436, 18.7959857083, 17.8644008711, 19.2130556674
15.7816595289, 21.4129851155, 20.7064532339, 19.4375016339
17.8591265886, 19.3806109948, 16.4217781742, 20.6209392597
17.1782958624, 20.4006859091, 18.402950455, 18.6287484453
17.7743386094, 20.7947018078, 18.4234890175, 19.4940863951
16.6670571139, 20.0706665491, 18.8416961367, 19.3956670426
13.2157529132, 15.2296003367, 15.9275021412, 16.0565815043
17.2207463434, 19.158838673, 18.6268869484, 17.0007147257
17.3023160936, 19.1996865871, 18.8009682094, 18.1214003744
14.7643555831, 17.5793310548, 15.1823126332, 17.4973471929
17.6837410983, 17.4869416345, 15.3365137299, 18.8035790034
12.3614600764, 15.6581133296, 14.2415588149, 16.6467683636
16.8978541817, 16.7934250436, 18.0291605817, 17.6641241798
15.9668614862, 17.6122449127, 17.4454155278, 16.322801071
14.614892704, 18.0017458222, 18.4500269784, 18.1245982788
15.8633800251, 17.9274212016, 16.6734773702, 19.020042218
18.7577425138, 18.6528108572, 16.9158269416, 17.3213506328
17.1094628512, 17.8306465545, 17.9403929808, 17.113660324
14.5237694839, 18.6923693761, 19.3000245299, 18.8667310801
14.6608365365, 16.2217752759, 18.6162235138, 16.8367871182
16.8316546897, 19.855372327, 17.9092205653, 19.5860644936
15.1204041328, 18.8889729694, 16.2868322077, 20.9779833889
15.428772206, 17.1873371106, 17.7509612819, 17.7663153869
14.4474998452, 17.500027969, 17.1954214195, 18.9078403108
17.3362336856, 15.8577265813, 17.8225494321, 18.3197916948
15.4461097249, 19.4817042595, 17.0340285205, 18.5444816731
19.1132826351, 17.1831536445, 20.3102995092, 18.7425397753
16.8249500342, 19.3558537215, 17.6074995445, 18.546544675
14.9996676129, 18.4592676011, 17.0545734146, 19.592928048
16.4597744076, 16.7850561894, 15.8744365127, 19.8622065585
15.3475459496, 18.58586963, 17.1978587194, 18.3689064553
15.8510497399, 16.7026600838, 19.0506420483, 18.5194032284
18.4733624648, 18.6236251002, 14.7356633367, 18.746811847
14.5366524899, 18.2650516869, 14.9773320773, 17.6596699211
13.8061905564, 17.9364780195, 17.3478919172, 17.2681516795
14.2039489608, 16.5134094794, 16.0691112391, 18.1239730219
16.9442205697, 17.2169560168, 16.0957594761, 20.918402273
14.6083799468, 18.306232517, 16.697615562, 16.8923663428
15.5618087722, 17.1307144273, 16.4237466525, 18.2111931073
15.0913101023, 18.7289763712, 18.4153904307, 18.0011509022
14.045970213, 18.0031773986, 16.2660878583, 19.5779369033
16.5444758119, 19.1395428199, 16.7638512719, 20.9671071137
15.5054676724, 17.4677595087, 16.8159654584, 16.5955844204
15.4721931133, 15.663548722, 17.5589114357, 19.9480968398
15.2579932348, 16.9811070302, 17.0795619685, 17.0172978376
16.1649190734, 20.0571094678, 17.6254181358, 19.8941518719
13.3482744695, 17.0589925159, 15.3204056479, 18.8088345409
17.7221551307, 17.3267286209, 16.8416329786, 20.0467580689
15.3901585835, 18.7141944276, 16.5740316831, 18.1232024041
15.8190742146, 19.1978513064, 17.5789874795, 18.9735080273
16.6249486117, 16.0919040673, 17.3749076481, 18.3655334773
16.4514552638, 19.6675166975, 17.3428581635, 18.6411110328
16.3821345589, 18.1876536786, 19.4398997404, 18.5551382158
15.5833266515, 19.1125291049, 17.0694983348, 20.1064107659
14.1725798114, 14.9674206552, 14.9231908914, 18.1389146725
16.1602307575, 16.7520851256, 18.4503016215, 19.6294822264
16.998252974, 19.6928263275, 16.7184298277, 17.8427791142
16.5678427977, 16.9456455989, 18.2127589969, 19.5995134908
14.808094952, 18.4175776221, 16.7898043425, 18.0601213158
15.9111912517, 15.2163714619, 15.4524271687, 18.3704507381
16.2753821974, 17.6623475723, 18.0262680037, 18.2643533056
13.9945490675, 17.4563877318, 16.4015680013, 17.7294216031
13.0862349368, 17.3500111678, 15.3907649662, 17.976013583
13.6388009568, 15.3836443674, 15.5939823641, 15.1603216878
14.7364518121, 18.7639204563, 16.8645128705, 18.1942301627
14.4113498957, 17.3532166001, 17.4082072859, 18.0586639332
14.9153113946, 18.1625226863, 17.9147231358, 18.8993451492
14.6505374456, 16.2348554079, 15.8289049755, 16.5073911757
15.8572679759, 17.4025579369, 16.6458086606, 19.7645219038
16.4396511826, 19.7442306692, 19.8201258199, 20.9665629813
18.4291568227, 20.4983553736, 19.770013242, 19.3609731283
16.1451435461, 18.5424109887, 16.1411657468, 18.9151477999
14.8147296439, 20.1776426813, 17.8273905301, 19.9515288614
14.6156035135, 18.2253245898, 17.4872614877, 17.0182874216
14.9777989924, 19.366353646, 18.6858627096, 17.7002650436
16.1750947468, 18.9580780453, 16.5831419808, 18.0611731832
13.9370154558, 16.3177889741, 17.3910805671, 18.8248355622
15.727282967, 16.0722811965, 17.7507058821, 16.6932430264
13.570844401, 16.3882479749, 16.5499659381, 18.9600166188
17.9926198372, 15.7112315356, 14.8414576441, 16.613148414
11.7872759614, 17.3158964987, 15.6624767383, 16.4488604908
13.8175767419, 17.8242832322, 18.2441191914, 16.732340173
15.5773037683, 18.4086145343, 14.8946761637, 18.5450360323
14.8270095224, 16.3223475621, 17.8287731841, 18.2906393654
14.6626837985, 17.4055546756, 16.4142286833, 18.4034721632
15.6336994654, 17.1102345988, 17.7002828157, 16.7283085861
13.9941077606, 17.6902548815, 17.6460614441, 17.5902479095
16.746168498, 17.5225410951, 17.5501923199, 16.4384447102
13.6568265157, 16.6741742886, 14.3455311981, 15.5846944964
15.8040196574, 16.5063095168, 16.2317483439, 16.2351671061
16.3037051103, 17.0618883474, 15.469955695, 16.5356356748
14.6683455644, 16.7246076927, 17.42771624, 16.8570605902
19.4213961708, 20.2625867177, 15.7120806408, 17.8721392589
15.9068565851, 18.7755286613, 17.8163178633, 20.5357647894
15.5899575501, 19.2342746974, 16.8264416965, 18.5450982907
15.5760891019, 18.8632540764, 18.1542318276, 17.3402250716
14.4505232141, 17.0465813107, 16.7802931978, 16.8116895829
15.7917641342, 18.8665150533, 17.3219592771, 19.2764807522
13.4570943207, 17.5662686021, 19.7530546705, 19.7982219012
15.6516634718, 19.9822350211, 15.5082890536, 19.834440357
16.5623230801, 17.6684845747, 18.2419792314, 18.9142050312
17.774414026, 20.0848570079, 17.6304982211, 19.1016447264
16.4122779234, 19.1250530716, 16.1545855686, 17.4400929762
16.2337505689, 18.8455232474, 19.1691336413, 20.2807900112
13.8013003151, 16.2812696554, 15.8481034915, 18.7467708376
17.7476092116, 18.2654089089, 17.7176655444, 18.1113994445
14.1183998141, 16.6873813371, 19.0534621256, 17.685248985
17.122038856, 17.6358540273, 17.3381025848, 19.2550870658
15.4966574003, 17.4508099949, 15.3559208985, 18.8037066421
17.8807156032, 18.579802991, 19.3767402044, 19.9070876924
16.5279780826, 15.906609079, 16.9605175228, 17.475652329
17.6528563212, 16.4959659079, 19.640567194, 18.7473362761
14.7027660171, 16.7759094455, 18.2533167094, 16.8026883078
17.0031432426, 16.3367283476, 18.4574616035, 19.4664552085
15.1190573468, 16.758875727, 16.3358172666, 16.9362445915
13.7008923968, 18.6378224875, 15.6386923216, 16.8580212355
16.9293793482, 17.2023635813, 15.7952748988, 18.3187351118
14.2360604037, 17.1165944127, 16.8455713541, 16.1894550208
13.6764195627, 17.1973832713, 15.7868761919, 15.3446799179
14.720877344, 19.4008132331, 16.9121187722, 17.544292991
14.2229341069, 18.1147388845, 16.4536993348, 19.2278467121
16.568774241, 18.5508924348, 15.5969211172, 20.2845746352
16.1330610683, 18.4223007575, 17.0472272019, 17.321202923
16.6335126711, 17.0389442445, 17.574978654, 17.7112857692
16.4455406058, 17.2487236813, 16.3145459135, 17.6437484126
16.203345189, 17.6227051895, 16.5827568973, 18.7702262219
14.3793463011, 16.8107612695, 18.0515163746, 20.3435170417
16.5111794479, 17.3238891256, 16.9278122441, 17.8195319324
12.659694588, 14.6302917426, 16.100696095, 14.2815631361
16.4780228516, 16.009721841, 15.462451863, 16.6893200597
15.5143112307, 17.6455101473, 14.8708075466, 17.2776939095
14.5788949661, 16.9297374146, 14.5123706197, 17.6336685539
15.318467244, 15.986388967, 14.9674252524, 17.5527850318
14.7597973629, 17.6570788958, 14.4124568098, 16.6975965292
12.9472210868, 15.5174738311, 17.1658870966, 17.1329869328
12.4948309675, 17.3032641595, 15.7982159134, 16.6383657047
12.1338430911, 17.7429624254, 16.0913034838, 16.3322606691
12.864870115, 17.7398023677, 13.9729476986, 16.5725547194
17.2337592251, 18.0637401933, 15.1713543075, 17.1824153681
13.9938621363, 18.1425369286, 18.2359083974, 19.2777061876
13.4956390953, 16.4861748083, 16.7903688121, 17.1346992493
16.7318829149, 16.9456009341, 14.367419833, 17.4159565139
13.167358877, 15.4995872906, 18.792956657, 18.7911919293
15.5773597556, 16.0902347973, 14.3993841284, 15.4254585513
15.0489771132, 17.1791985645, 13.5521348904, 17.8414258338
13.806291428, 18.3127747179, 16.6904250997, 16.6899505249
16.1671461619, 19.0297085566, 17.5797372118, 17.2852459757
15.3495286068, 17.4764547257, 17.5039837936, 16.175606103
15.9836224199, 17.7391545655, 17.4352522796, 18.3088181232
15.4858685802, 19.8075274097, 19.1693682116, 21.0427267257
15.7537686515, 18.3658929637, 16.8275442302, 17.0655192036
15.3548471591, 16.8391863313, 16.7709064354, 18.9160808043
13.8428405232, 17.6821255745, 18.5976430777, 18.2583084207
16.8724066549, 15.8522318976, 14.6419636999, 18.0410920916
17.4587805766, 18.6348096176, 15.9018747171, 16.9822309958
17.5571873325, 19.3683479541, 16.2931813959, 18.2655713528
14.4813205422, 18.0574710662, 18.7336747562, 18.6972671783
16.2536859657, 17.7843073552, 17.593298646, 17.98927795
13.0792632115, 18.234896003, 19.1342845567, 18.615257269
15.6539942765, 15.3274836536, 14.7444444848, 17.6082193402
14.7335767188, 19.8297981966, 16.5656973894, 16.9842351679
16.997395272, 18.0969211885, 17.2600491143, 18.3405708193
16.5434741757, 16.8240682967, 16.3899587562, 19.6740806155
13.8982050554, 16.3631211614, 16.0135587199, 16.3184878596
13.9467906013, 17.9015857087, 14.3280983189, 17.0173376238
15.3206627953, 20.5039127871, 16.519251357, 16.7878086587
12.526079043, 17.1482131371, 16.2159818133, 19.2070881711
13.295926913, 15.7732229384, 16.5383225824, 17.9702035178
18.4193374097, 17.6480189925, 14.8968485406, 17.0694653667
14.1701937323, 17.1741919137, 15.1936984034, 18.3724036711
16.2069913589, 17.7480188011, 16.965302521, 17.6351135016
14.5139357425, 15.7059266447, 14.2542589373, 15.669372704
14.6835790185, 17.5202968727, 13.6983761359, 16.1884470792
13.5721052985, 15.7746247439, 16.8200040408, 16.75389463
13.3057996104, 16.8455159662, 16.5156601495, 17.5202162811
14.4672964385, 17.744765597, 15.0345092837, 18.071771906
15.2498263943, 17.6070063512, 15.1898714991, 17.5427674298
14.7244402012, 16.7075511729, 14.6337277581, 16.6283335282
12.3281216654, 15.8397836243, 15.756557962, 17.4262634216
14.1967800868, 16.1485269655, 15.5958729828, 17.3893427604
14.5672767806, 16.7220945551, 14.9716292386, 15.0013369656
10.9990891496, 13.188374494, 15.0170453371, 13.6788344327
14.2314110549, 15.4251503497, 15.8419582596, 14.3328470699
12.6942864668, 15.5617693933, 15.1863800076, 18.6416979011
14.4937163947, 17.111514761, 14.6295911475, 17.8496059315
16.7595655943, 15.6393190223, 15.9155428274, 15.3985107803
13.9583884433, 17.0021215473, 13.5233111387, 15.6762269733
14.3430904626, 19.0469879742, 16.3775491722, 17.515774268
15.2055624762, 16.3109638398, 15.3661675834, 16.0147458665
14.7650818906, 15.3943814248, 16.494273508, 18.1421114671
16.7647895119, 18.0175573364, 17.3718746852, 16.8843601584
15.6186614639, 16.4890127185, 13.6509289145, 15.9639418218
13.0530064852, 15.8194587874, 16.1116132271, 16.4598010271
15.8340825078, 16.9819658199, 15.433150114, 16.7986519061
14.925170237, 16.2119629643, 15.9357288521, 16.0458173495
14.8768166848, 17.5331438584, 15.0213469343, 17.7976168264
11.7043108516, 14.9565013019, 16.0856808053, 15.618433644
14.5708540975, 17.3184258896, 14.8816461199, 17.4512922982
15.1344668509, 18.066607375, 18.9708543939, 16.1544927491
15.5148881576, 16.0830311268, 16.4869561726, 17.3126302138
14.7337443898, 19.3473050331, 16.3994601446, 19.0164191909
16.542173067, 15.1328275042, 14.3533472381, 19.5891525919
13.8426953785, 16.3904634299, 15.87571941, 15.3484166528
18.4378514546, 18.5056728723, 15.9449331838, 16.5802457867
14.6353643056, 18.3732571951, 16.6749132208, 18.0222417582
16.0887729949, 18.0531511614, 16.8874197996, 16.3902483599
15.1835922951, 16.2405604099, 15.8032186189, 17.2460731969
13.686243765, 17.2370872615, 17.3586837877, 18.9867748576
17.7443866919, 17.3515348621, 18.0191819778, 19.4288174362
15.5302940544, 20.4435467434, 14.3853955709, 17.8628077914
14.6561473359, 17.1162894148, 16.9553726617, 15.7094302848
14.0365919175, 17.5333030097, 18.1040468812, 15.4116632474
13.144372318, 14.0669275143, 13.6087920114, 14.6537003618
15.4444116786, 16.2511740754, 15.1643645763, 16.1196046048
13.9263122333, 14.0459571074, 16.1601292124, 15.5233001027
15.9132811254, 16.9891585506, 16.8516971672, 19.1777463714
16.5228700331, 16.6349983261, 16.0130377968, 16.149296091
15.9854642528, 15.6382011201, 14.9806537106, 16.7038224523
14.595862193, 16.0307506326, 16.7917758787, 15.2154590602
15.9081654112, 18.9537243727, 15.3090266864, 17.4683831013
14.8497937707, 15.7369599343, 16.5161815613, 19.3121215411
19.0934731148, 17.0051969281, 18.5473104643, 17.7819468875
10.7871790257, 17.3080241814, 15.2635595393, 17.2764174511
15.1259716975, 17.2456002736, 14.5298458281, 20.7731324945
13.3608504962, 13.9303031029, 15.5186919986, 14.1730804322
14.2534800984, 15.9467522094, 16.3870613189, 17.184675999
13.8596003872, 15.9977604775, 12.4344557305, 15.1214042497
13.8721060064, 16.5087776897, 16.1688897587, 17.3296183226
15.0237411707, 16.4474212065, 17.0871484151, 16.3556077582
15.5419588943, 18.8267791689, 15.7433831845, 17.0459031196
15.5365154615, 19.1597706133, 16.6868909507, 15.8008601039
14.493177094, 17.9281621226, 15.6265170363, 16.493664336
13.4547457737, 14.0187390273, 14.6433479213, 11.0772854845
14.6571522337, 16.2005470842, 14.6581399238, 17.4925246468
16.8455395465, 17.5680893698, 17.5137730127, 15.4239810662
16.9680630636, 18.306874761, 17.31198833, 18.2995060555
16.6510015779, 15.614248744, 17.9958775138, 14.9473985249
14.6711807591, 18.3375766596, 16.5149034433, 16.5631446473
14.2621648734, 17.1171465058, 16.9824835923, 16.6350677516
16.3362088954, 17.9927936424, 14.961097048, 17.6344770324
15.3117095736, 14.8914718624, 16.9144394685, 16.1955779622
11.1112069988, 15.3316955173, 13.0200336958, 14.8170579296
13.567573041, 18.3809393962, 14.7617453231, 16.0742093383
15.1167627376, 18.1005948625, 16.8621234487, 17.2331474957
14.6136448168, 15.7477678046, 14.4288656345, 15.0869805203
13.4364550698, 18.0922430801, 16.9947219955, 16.1179562409
14.4537154415, 15.3994279886, 18.2418538379, 17.4914438349
16.276418921, 18.537207338, 15.7621607718, 19.6529871964
14.3476248425, 16.9281347671, 16.798797283, 17.7975730358
12.8668849338, 18.941411666, 16.544482365, 18.4082069652
17.2226471422, 18.1487390057, 15.1269708042, 17.5824360381
14.069228527, 18.4383686084, 17.0190485114, 17.7348444122
18.1589853913, 16.7256569857, 16.1261736809, 16.5761294125
17.1069598954, 18.611145341, 16.2068164736, 18.1496315401
12.5313606898, 17.0345495184, 15.3863264461, 17.2978394805
12.5258153772, 14.0332796644, 14.9508828394, 17.1861555241
12.81086983, 15.7808039578, 15.3120707769, 14.3878606225
16.4235409714, 16.2782219012, 17.1075584519, 17.72839959
14.888668458, 18.5688574106, 16.7289002714, 18.4122550994
14.6137721949, 19.5545850532, 17.9974564599, 20.1581736616
14.6434478454, 20.3739256461, 16.9287969956, 18.3485614978
15.0068790264, 16.0535056867, 15.6766543534, 17.2495762272
15.99707772, 16.6496496123, 18.3262353479, 18.1486444279
11.443593242, 15.2091941931, 15.5449715453, 15.2364953585
17.6387934986, 17.8541712782, 17.5112289547, 19.1976907102
16.4019388488, 17.4933535713, 16.6444528838, 19.1473493943
15.9411473001, 17.8159829259, 15.9209090802, 20.1670171524
14.4137507416, 19.0697778092, 17.0520713581, 17.7076175753
15.741880424, 16.8133099465, 18.1311753256, 14.3399398463
15.1800210522, 18.4888993524, 17.1143674809, 17.6639663981
16.430088096, 16.9981934582, 18.3062641696, 20.2713519474
16.8525948946, 17.1805685062, 17.6382032903, 19.2075342021
14.0947829055, 17.8432436966, 16.6052975326, 18.8424518979
16.7251401318, 17.0200465487, 17.1375244027, 17.6715316613
13.6857299207, 15.827094973, 14.7479924563, 16.5031084317
14.5919706366, 18.8477157021, 16.9056894455, 18.0921692857
14.5597233992, 17.3161792204, 16.1996373119, 17.679422957
16.9244557922, 16.8352755956, 16.745712685, 18.6998360921
13.7631097218, 15.1658976124, 14.3601932614, 15.5214489625
17.364725021, 16.2904028897, 16.8864266467, 16.8689713536
14.2633260836, 19.3740527165, 16.282080179, 19.4076003739
16.3469221258, 17.617635651, 18.220964794, 17.471739116
15.4476666062, 17.6230327956, 15.0063265721, 14.5719405581
16.7047076828, 17.7334628952, 17.9923248381, 18.3252748033
14.1626574138, 17.0343825232, 16.7089648738, 17.1826984479
13.2611756147, 13.9119072801, 14.5467700421, 13.9605636094
16.1331217721, 17.317693141, 20.5429410681, 18.121024932
18.0913260859, 17.5259938146, 18.3894895121, 17.1666796767
15.2245487596, 16.189974366, 15.9946756571, 17.0434291559
15.2047764694, 19.1531442082, 18.3114318254, 16.3146142482
15.5796768112, 20.490498404, 17.2277623126, 16.3636341229
14.7019936773, 15.7863213287, 15.1428732163, 16.2130989452
15.3882410648, 17.8420575234, 19.0415945747, 19.461199321
15.2852123048, 16.0645271642, 16.3459771453, 15.606764977
14.0564804195, 16.4259897597, 16.2107771888, 16.4254944032
15.2179680128, 16.0681477276, 18.3025622186, 18.7544737442
10.4139688054, 14.1746973295, 14.7539979515, 15.0653957127
16.3942488901, 16.5542119214, 16.890651343, 17.0322194124
13.2842921255, 14.7996911398, 14.1520213299, 16.8259322312
14.1924881676, 17.3920563866, 16.5657630561, 16.3704252796
14.822889124, 17.9213596173, 17.8317976986, 16.6859274087
18.3482230359, 18.1469418795, 16.7211816231, 15.9131589633
13.6043833617, 18.1984593284, 16.2914863864, 15.7147923394
17.8393406421, 16.1307642796, 14.6730241162, 18.871560598
15.5376846643, 17.2477910124, 18.1682932813, 18.1442765787
14.6518241288, 18.6610690173, 18.464295669, 19.1524972044
17.2768312625, 18.2811971461, 14.2265459078, 16.1446835238
12.651774477, 17.2644336605, 16.4260253237, 15.4450447471
13.2225648079, 17.5171374107, 14.2309288337, 16.4599634864
14.6326099142, 18.0536922569, 18.3537117074, 17.1592102228
13.5018576601, 16.6090201593, 16.041123026, 15.5858200418
17.0292385395, 17.0817867521, 17.7939769135, 17.14108737
14.9915412002, 16.8041978785, 19.3212563245, 17.7447613508
15.7010780747, 17.6371371796, 17.8847477888, 16.0028434159
12.6423346788, 17.476371592, 13.840767073, 15.1864452576
15.2750573209, 15.7627076343, 16.7905204374, 19.3831866777
16.9078334721, 19.0873118908, 18.1290953552, 17.3622754368
17.5240559841, 18.4989268837, 17.209815499, 16.4831124764
17.6028772078, 19.18629634, 16.3383026144, 17.8832309813
14.3075278622, 16.6460021353, 14.9952458512, 16.7387563866
15.4806781289, 19.184185418, 16.5271771783, 17.595064596
15.2878138118, 16.9442204194, 18.7583770421, 18.4406602579
15.396652155, 19.7942614904, 16.7021883937, 18.6028530079
16.7855499806, 17.0501822774, 18.1144289668, 18.4463901091
15.2031297898, 18.3616792731, 17.486203716, 17.527934236
15.382653567, 18.417789221, 17.4413803423, 19.8828012438
13.1627775958, 17.6441610551, 16.5141139558, 17.7308918796
13.7408627789, 18.527894197, 18.3172852244, 17.976582935
15.8099678295, 16.603373468, 14.6054415697, 17.4025072166
12.7633758688, 16.021288605, 14.815485624, 16.2662813527
18.762588677, 17.8728537021, 17.358794638, 17.6247180553
15.2212854918, 15.6465742762, 14.8513823593, 19.4912365238
16.2241915867, 16.7934172587, 14.4163597057, 18.736660242
11.9184255074, 14.1153346101, 14.2314733548, 15.6310391276
16.8975382798, 16.4830547322, 17.4043550167, 19.0488986497
16.1922213765, 17.4189769227, 17.6171228478, 15.7001479505
19.2750374827, 17.2258977489, 19.2392762238, 17.4922173941
15.359484388, 17.1881619509, 15.2010203208, 16.1399424931
14.7382841475, 16.2857377835, 16.5461557366, 15.3084715518
14.9551744941, 14.3123639934, 15.3246113736, 16.2444742289
15.0331276393, 17.2515544646, 18.5898657366, 16.5870901032
15.257869895, 18.8569447241, 16.2653231646, 18.7452304216
13.80911301, 17.7664724353, 17.8608942876, 18.6781457308
14.978780216, 18.6567740983, 17.226716336, 18.8126710518
15.9495441982, 17.4489723311, 15.8617137491, 18.0553425835
16.8351400729, 17.1612191743, 17.7764727423, 18.540178015
18.1296220027, 17.0278952017, 16.8945872715, 17.3647947525
14.9745379907, 15.8642959093, 15.2896780213, 18.6069963487
14.2167383027, 17.6201275687, 16.5499675104, 18.4589120189
19.0933501189, 19.2031934013, 17.6315013519, 18.1832897646
16.0607974979, 15.5382274923, 17.1410287539, 18.486400913
17.2153113883, 16.3735350165, 16.4072905848, 16.493601608
16.5891960357, 18.1000941105, 15.2825942051, 20.008436195
16.9966275917, 16.8353463236, 16.4922375818, 20.2732939193
12.6581096878, 17.6869493579, 14.9176531722, 15.3500877505
16.5944004891, 18.2301300745, 18.8225335543, 18.4337995449
16.4445210876, 18.4173370879, 18.0710812432, 17.528936515
14.7013936857, 17.843520194, 15.2694453163, 16.798391915
15.4814837308, 18.3698529578, 18.2119438861, 17.4978464625
16.2808209101, 19.3346561399, 18.886737616, 17.4226521288
19.5021448527, 19.8719297045, 17.3063695481, 22.8630715318
18.2494867165, 20.1617413095, 18.8867118885, 20.5739184161
18.1883664767, 22.2100793267, 19.3708248693, 22.0047216153
14.3569672065, 17.9958018182, 17.3815562463, 20.7459034591
13.8051603114, 16.2870646283, 17.3477460689, 15.8961773792
17.8370519703, 19.3445845876, 21.3070535612, 17.8638367723
18.4864799578, 19.8664276112, 18.7748525234, 20.0620719325
13.515036481, 18.6907244641, 19.0287864793, 19.1194628962
20.6991248363, 19.374461977, 18.86359963, 20.8607911175
14.0604272701, 17.9422596742, 15.8727282455, 17.7151621873
14.5362186126, 16.8879309071, 18.5481534292, 17.1924127178
15.6776218807, 20.5314801283, 16.9885834696, 19.4776948554
14.7092369294, 20.5117301883, 15.9691514029, 17.799690988
16.0189047492, 15.698042135, 19.0818041749, 17.2055223856
16.4394404533, 16.6589975911, 17.0947340978, 19.3928593638
13.6837068999, 15.3484723273, 16.8560908364, 18.1341558305
13.096067091, 19.9982319544, 15.2193479812, 17.5645102777
15.7545740823, 20.3555770943, 16.4420624831, 17.947218673
17.4314216741, 16.7271640703, 18.9483235846, 17.2661889737
15.4588457152, 15.3622974657, 15.7121094503, 16.3313911748
17.0599909765, 20.0748439696, 20.2323167416, 19.9926614353
17.170328353, 19.4035065808, 19.9661550617, 19.264311295
17.283367801, 21.593945873, 20.1901654277, 22.2012797171
18.6306250988, 21.0587242985, 21.2924528776, 20.0715061276
20.9628200962, 20.5412873801, 19.5729888638, 21.1103832983
20.6144973017, 20.9508383472, 19.2358889029, 21.9459612141
17.2728375093, 22.3153765463, 18.8088117846, 20.6500735648
15.2909345331, 16.868258227, 18.7252260623, 21.1797695347
16.3569107876, 19.8186639407, 18.9982653126, 19.8266231152
18.2071141495, 20.5421703833, 20.512618975, 21.1767917455
19.3433352502, 21.2152447081, 20.3975344436, 20.2916142604
20.2647197192, 20.9214348274, 17.9595535533, 20.4456790855
17.981420921, 19.9331067912, 20.1908994806, 20.0759811286
17.7128504081, 17.9863421111, 17.5564710173, 20.1544355654
16.9185227355, 21.6601079522, 18.6126478698, 19.5910683008
17.0745755171, 19.5042258489, 19.5153926193, 18.2337711864
17.2702718059, 20.4295110286, 17.3559813491, 21.7925445812
18.5632348819, 21.7835319211, 18.4879428387, 21.3319146297
15.2850692077, 16.226757394, 15.8717318338, 15.9485532501
